,cond,hemi,mask_vox,regspace,roi,smoothing,subid,value,group
6,CR,lh,105.0,epi,hippocampus,unsmoothed,ap100,-278.209869385,control
7,CR,rh,120.0,epi,hippocampus,unsmoothed,ap100,-640.534240723,control
8,CR,bilat,225.0,epi,hippocampus,unsmoothed,ap100,-471.449523926,control
35,FA,lh,105.0,epi,hippocampus,unsmoothed,ap100,-239.040115356,control
36,FA,rh,120.0,epi,hippocampus,unsmoothed,ap100,-477.181060791,control
37,FA,bilat,225.0,epi,hippocampus,unsmoothed,ap100,-366.048614502,control
64,sourcehit,lh,105.0,epi,hippocampus,unsmoothed,ap100,170.701599121,control
65,sourcehit,rh,120.0,epi,hippocampus,unsmoothed,ap100,87.0093688965,control
66,sourcehit,bilat,225.0,epi,hippocampus,unsmoothed,ap100,126.065750122,control
93,itemhit_lo,lh,105.0,epi,hippocampus,unsmoothed,ap100,-9.06375217438,control
94,itemhit_lo,rh,120.0,epi,hippocampus,unsmoothed,ap100,-321.014862061,control
95,itemhit_lo,bilat,225.0,epi,hippocampus,unsmoothed,ap100,-175.437698364,control
122,sourcemiss_hi,lh,105.0,epi,hippocampus,unsmoothed,ap100,-166.071914673,control
123,sourcemiss_hi,rh,120.0,epi,hippocampus,unsmoothed,ap100,-510.957824707,control
124,sourcemiss_hi,bilat,225.0,epi,hippocampus,unsmoothed,ap100,-350.011077881,control
151,M,lh,105.0,epi,hippocampus,unsmoothed,ap100,-340.538574219,control
152,M,rh,120.0,epi,hippocampus,unsmoothed,ap100,-571.594665527,control
153,M,bilat,225.0,epi,hippocampus,unsmoothed,ap100,-463.768463135,control
180,CR,lh,137.0,epi,hippocampus,unsmoothed,ap101,-107.990028381,control
181,CR,rh,142.0,epi,hippocampus,unsmoothed,ap101,-170.330718994,control
182,CR,bilat,279.0,epi,hippocampus,unsmoothed,ap101,-139.718978882,control
209,FA,lh,137.0,epi,hippocampus,unsmoothed,ap101,295.389129639,control
210,FA,rh,142.0,epi,hippocampus,unsmoothed,ap101,38.4916496277,control
211,FA,bilat,279.0,epi,hippocampus,unsmoothed,ap101,164.638412476,control
238,sourcehit,lh,137.0,epi,hippocampus,unsmoothed,ap101,446.334411621,control
239,sourcehit,rh,142.0,epi,hippocampus,unsmoothed,ap101,387.47644043,control
240,sourcehit,bilat,279.0,epi,hippocampus,unsmoothed,ap101,416.37802124,control
267,itemhit_lo,lh,137.0,epi,hippocampus,unsmoothed,ap101,120.912239075,control
268,itemhit_lo,rh,142.0,epi,hippocampus,unsmoothed,ap101,-1.00030255318,control
269,itemhit_lo,bilat,279.0,epi,hippocampus,unsmoothed,ap101,58.8635597229,control
296,sourcemiss_hi,lh,137.0,epi,hippocampus,unsmoothed,ap101,702.205932617,control
297,sourcemiss_hi,rh,142.0,epi,hippocampus,unsmoothed,ap101,415.893829346,control
298,sourcemiss_hi,bilat,279.0,epi,hippocampus,unsmoothed,ap101,556.484313965,control
325,M,lh,137.0,epi,hippocampus,unsmoothed,ap101,-293.655670166,control
326,M,rh,142.0,epi,hippocampus,unsmoothed,ap101,-314.328552246,control
327,M,bilat,279.0,epi,hippocampus,unsmoothed,ap101,-304.177368164,control
354,CR,lh,152.0,epi,hippocampus,unsmoothed,ap102,-348.688842773,control
355,CR,rh,161.0,epi,hippocampus,unsmoothed,ap102,-379.015594482,control
356,CR,bilat,313.0,epi,hippocampus,unsmoothed,ap102,-364.288208008,control
383,FA,lh,152.0,epi,hippocampus,unsmoothed,ap102,-139.193237305,control
384,FA,rh,161.0,epi,hippocampus,unsmoothed,ap102,109.72101593,control
385,FA,bilat,313.0,epi,hippocampus,unsmoothed,ap102,-11.1574668884,control
412,sourcehit,lh,152.0,epi,hippocampus,unsmoothed,ap102,285.305084229,control
413,sourcehit,rh,161.0,epi,hippocampus,unsmoothed,ap102,405.758056641,control
414,sourcehit,bilat,313.0,epi,hippocampus,unsmoothed,ap102,347.263305664,control
441,itemhit_lo,lh,152.0,epi,hippocampus,unsmoothed,ap102,-121.925254822,control
442,itemhit_lo,rh,161.0,epi,hippocampus,unsmoothed,ap102,8.5063419342,control
443,itemhit_lo,bilat,313.0,epi,hippocampus,unsmoothed,ap102,-54.8342399597,control
470,sourcemiss_hi,lh,152.0,epi,hippocampus,unsmoothed,ap102,190.085754395,control
471,sourcemiss_hi,rh,161.0,epi,hippocampus,unsmoothed,ap102,233.657363892,control
472,sourcemiss_hi,bilat,313.0,epi,hippocampus,unsmoothed,ap102,212.49798584,control
499,M,lh,152.0,epi,hippocampus,unsmoothed,ap102,448.940032959,control
500,M,rh,161.0,epi,hippocampus,unsmoothed,ap102,760.647155762,control
501,M,bilat,313.0,epi,hippocampus,unsmoothed,ap102,609.274963379,control
528,CR,lh,131.0,epi,hippocampus,unsmoothed,ap103,-429.57119751,control
529,CR,rh,126.0,epi,hippocampus,unsmoothed,ap103,-674.13269043,control
530,CR,bilat,257.0,epi,hippocampus,unsmoothed,ap103,-549.473022461,control
557,FA,lh,131.0,epi,hippocampus,unsmoothed,ap103,-589.686523438,control
558,FA,rh,126.0,epi,hippocampus,unsmoothed,ap103,-615.789733887,control
559,FA,bilat,257.0,epi,hippocampus,unsmoothed,ap103,-602.484191895,control
586,sourcehit,lh,131.0,epi,hippocampus,unsmoothed,ap103,84.3926849365,control
587,sourcehit,rh,126.0,epi,hippocampus,unsmoothed,ap103,3.79166913033,control
588,sourcehit,bilat,257.0,epi,hippocampus,unsmoothed,ap103,44.8762321472,control
615,itemhit_lo,lh,131.0,epi,hippocampus,unsmoothed,ap103,-358.844085693,control
616,itemhit_lo,rh,126.0,epi,hippocampus,unsmoothed,ap103,-685.128540039,control
617,itemhit_lo,bilat,257.0,epi,hippocampus,unsmoothed,ap103,-518.81237793,control
644,sourcemiss_hi,lh,131.0,epi,hippocampus,unsmoothed,ap103,-506.520751953,control
645,sourcemiss_hi,rh,126.0,epi,hippocampus,unsmoothed,ap103,-588.617858887,control
646,sourcemiss_hi,bilat,257.0,epi,hippocampus,unsmoothed,ap103,-546.770690918,control
673,M,lh,131.0,epi,hippocampus,unsmoothed,ap103,-745.934265137,control
674,M,rh,126.0,epi,hippocampus,unsmoothed,ap103,-857.643493652,control
675,M,bilat,257.0,epi,hippocampus,unsmoothed,ap103,-800.702209473,control
702,CR,lh,150.0,epi,hippocampus,unsmoothed,ap104,-601.577392578,control
703,CR,rh,143.0,epi,hippocampus,unsmoothed,ap104,-646.571899414,control
704,CR,bilat,293.0,epi,hippocampus,unsmoothed,ap104,-623.537231445,control
731,FA,lh,150.0,epi,hippocampus,unsmoothed,ap104,-804.165222168,control
732,FA,rh,143.0,epi,hippocampus,unsmoothed,ap104,-1177.07324219,control
733,FA,bilat,293.0,epi,hippocampus,unsmoothed,ap104,-986.164672852,control
760,sourcehit,lh,150.0,epi,hippocampus,unsmoothed,ap104,-193.292037964,control
761,sourcehit,rh,143.0,epi,hippocampus,unsmoothed,ap104,-277.207122803,control
762,sourcehit,bilat,293.0,epi,hippocampus,unsmoothed,ap104,-234.247177124,control
789,itemhit_lo,lh,150.0,epi,hippocampus,unsmoothed,ap104,0.0,control
790,itemhit_lo,rh,143.0,epi,hippocampus,unsmoothed,ap104,6.37647365465e-11,control
791,itemhit_lo,bilat,293.0,epi,hippocampus,unsmoothed,ap104,3.11206754811e-11,control
818,sourcemiss_hi,lh,150.0,epi,hippocampus,unsmoothed,ap104,-570.787353516,control
819,sourcemiss_hi,rh,143.0,epi,hippocampus,unsmoothed,ap104,-778.783752441,control
820,sourcemiss_hi,bilat,293.0,epi,hippocampus,unsmoothed,ap104,-672.301025391,control
847,M,lh,150.0,epi,hippocampus,unsmoothed,ap104,-911.804382324,control
848,M,rh,143.0,epi,hippocampus,unsmoothed,ap104,-931.345275879,control
849,M,bilat,293.0,epi,hippocampus,unsmoothed,ap104,-921.341430664,control
876,CR,lh,124.0,epi,hippocampus,unsmoothed,ap105,71.4712219238,control
877,CR,rh,126.0,epi,hippocampus,unsmoothed,ap105,265.874267578,control
878,CR,bilat,250.0,epi,hippocampus,unsmoothed,ap105,169.4503479,control
905,FA,lh,124.0,epi,hippocampus,unsmoothed,ap105,-440.943664551,control
906,FA,rh,126.0,epi,hippocampus,unsmoothed,ap105,-111.041679382,control
907,FA,bilat,250.0,epi,hippocampus,unsmoothed,ap105,-274.673065186,control
934,sourcehit,lh,124.0,epi,hippocampus,unsmoothed,ap105,453.891082764,control
935,sourcehit,rh,126.0,epi,hippocampus,unsmoothed,ap105,628.513122559,control
936,sourcehit,bilat,250.0,epi,hippocampus,unsmoothed,ap105,541.90057373,control
963,itemhit_lo,lh,124.0,epi,hippocampus,unsmoothed,ap105,-351.068725586,control
964,itemhit_lo,rh,126.0,epi,hippocampus,unsmoothed,ap105,-104.770896912,control
965,itemhit_lo,bilat,250.0,epi,hippocampus,unsmoothed,ap105,-226.934616089,control
992,sourcemiss_hi,lh,124.0,epi,hippocampus,unsmoothed,ap105,141.332611084,control
993,sourcemiss_hi,rh,126.0,epi,hippocampus,unsmoothed,ap105,421.612365723,control
994,sourcemiss_hi,bilat,250.0,epi,hippocampus,unsmoothed,ap105,282.593566895,control
1021,M,lh,124.0,epi,hippocampus,unsmoothed,ap105,-422.298919678,control
1022,M,rh,126.0,epi,hippocampus,unsmoothed,ap105,-109.377662659,control
1023,M,bilat,250.0,epi,hippocampus,unsmoothed,ap105,-264.586639404,control
1050,CR,lh,112.0,epi,hippocampus,unsmoothed,ap107,-629.267700195,control
1051,CR,rh,129.0,epi,hippocampus,unsmoothed,ap107,-679.888061523,control
1052,CR,bilat,241.0,epi,hippocampus,unsmoothed,ap107,-656.36328125,control
1079,FA,lh,112.0,epi,hippocampus,unsmoothed,ap107,-849.031066895,control
1080,FA,rh,129.0,epi,hippocampus,unsmoothed,ap107,-853.287597656,control
1081,FA,bilat,241.0,epi,hippocampus,unsmoothed,ap107,-851.309448242,control
1108,sourcehit,lh,112.0,epi,hippocampus,unsmoothed,ap107,160.122436523,control
1109,sourcehit,rh,129.0,epi,hippocampus,unsmoothed,ap107,56.1638717651,control
1110,sourcehit,bilat,241.0,epi,hippocampus,unsmoothed,ap107,104.476570129,control
1137,itemhit_lo,lh,112.0,epi,hippocampus,unsmoothed,ap107,-684.208557129,control
1138,itemhit_lo,rh,129.0,epi,hippocampus,unsmoothed,ap107,-451.390258789,control
1139,itemhit_lo,bilat,241.0,epi,hippocampus,unsmoothed,ap107,-559.587890625,control
1166,sourcemiss_hi,lh,112.0,epi,hippocampus,unsmoothed,ap107,-551.381958008,control
1167,sourcemiss_hi,rh,129.0,epi,hippocampus,unsmoothed,ap107,-566.078735352,control
1168,sourcemiss_hi,bilat,241.0,epi,hippocampus,unsmoothed,ap107,-559.248718262,control
1195,M,lh,112.0,epi,hippocampus,unsmoothed,ap107,-1355.76086426,control
1196,M,rh,129.0,epi,hippocampus,unsmoothed,ap107,-1182.43237305,control
1197,M,bilat,241.0,epi,hippocampus,unsmoothed,ap107,-1262.98339844,control
1224,CR,lh,133.0,epi,hippocampus,unsmoothed,ap108,55.0178260803,control
1225,CR,rh,139.0,epi,hippocampus,unsmoothed,ap108,69.576675415,control
1226,CR,bilat,272.0,epi,hippocampus,unsmoothed,ap108,62.4578208923,control
1253,FA,lh,133.0,epi,hippocampus,unsmoothed,ap108,-188.588088989,control
1254,FA,rh,139.0,epi,hippocampus,unsmoothed,ap108,-215.970779419,control
1255,FA,bilat,272.0,epi,hippocampus,unsmoothed,ap108,-202.581436157,control
1282,sourcehit,lh,133.0,epi,hippocampus,unsmoothed,ap108,-53.7816963196,control
1283,sourcehit,rh,139.0,epi,hippocampus,unsmoothed,ap108,-224.401443481,control
1284,sourcehit,bilat,272.0,epi,hippocampus,unsmoothed,ap108,-140.973388672,control
1311,itemhit_lo,lh,133.0,epi,hippocampus,unsmoothed,ap108,-421.446533203,control
1312,itemhit_lo,rh,139.0,epi,hippocampus,unsmoothed,ap108,-213.238189697,control
1313,itemhit_lo,bilat,272.0,epi,hippocampus,unsmoothed,ap108,-315.045928955,control
1340,sourcemiss_hi,lh,133.0,epi,hippocampus,unsmoothed,ap108,629.886413574,control
1341,sourcemiss_hi,rh,139.0,epi,hippocampus,unsmoothed,ap108,707.582763672,control
1342,sourcemiss_hi,bilat,272.0,epi,hippocampus,unsmoothed,ap108,669.591430664,control
1369,M,lh,133.0,epi,hippocampus,unsmoothed,ap108,-615.739501953,control
1370,M,rh,139.0,epi,hippocampus,unsmoothed,ap108,-622.628723145,control
1371,M,bilat,272.0,epi,hippocampus,unsmoothed,ap108,-619.260131836,control
1398,CR,lh,121.0,epi,hippocampus,unsmoothed,ap109,104.621063232,control
1399,CR,rh,116.0,epi,hippocampus,unsmoothed,ap109,168.551696777,control
1400,CR,bilat,237.0,epi,hippocampus,unsmoothed,ap109,135.912017822,control
1427,FA,lh,121.0,epi,hippocampus,unsmoothed,ap109,-87.7612609863,control
1428,FA,rh,116.0,epi,hippocampus,unsmoothed,ap109,133.032058716,control
1429,FA,bilat,237.0,epi,hippocampus,unsmoothed,ap109,20.3063583374,control
1456,sourcehit,lh,121.0,epi,hippocampus,unsmoothed,ap109,181.235733032,control
1457,sourcehit,rh,116.0,epi,hippocampus,unsmoothed,ap109,357.46572876,control
1458,sourcehit,bilat,237.0,epi,hippocampus,unsmoothed,ap109,267.491760254,control
1485,itemhit_lo,lh,121.0,epi,hippocampus,unsmoothed,ap109,199.007461548,control
1486,itemhit_lo,rh,116.0,epi,hippocampus,unsmoothed,ap109,208.590652466,control
1487,itemhit_lo,bilat,237.0,epi,hippocampus,unsmoothed,ap109,203.697967529,control
1514,sourcemiss_hi,lh,121.0,epi,hippocampus,unsmoothed,ap109,283.602600098,control
1515,sourcemiss_hi,rh,116.0,epi,hippocampus,unsmoothed,ap109,413.864868164,control
1516,sourcemiss_hi,bilat,237.0,epi,hippocampus,unsmoothed,ap109,347.359649658,control
1543,M,lh,121.0,epi,hippocampus,unsmoothed,ap109,-116.730522156,control
1544,M,rh,116.0,epi,hippocampus,unsmoothed,ap109,9.04854679108,control
1545,M,bilat,237.0,epi,hippocampus,unsmoothed,ap109,-55.167766571,control
1572,CR,lh,141.0,epi,hippocampus,unsmoothed,ap110,-211.052780151,control
1573,CR,rh,146.0,epi,hippocampus,unsmoothed,ap110,-144.957092285,control
1574,CR,bilat,287.0,epi,hippocampus,unsmoothed,ap110,-177.42918396,control
1601,FA,lh,141.0,epi,hippocampus,unsmoothed,ap110,303.238983154,control
1602,FA,rh,146.0,epi,hippocampus,unsmoothed,ap110,288.057098389,control
1603,FA,bilat,287.0,epi,hippocampus,unsmoothed,ap110,295.515777588,control
1630,sourcehit,lh,141.0,epi,hippocampus,unsmoothed,ap110,411.875854492,control
1631,sourcehit,rh,146.0,epi,hippocampus,unsmoothed,ap110,502.219604492,control
1632,sourcehit,bilat,287.0,epi,hippocampus,unsmoothed,ap110,457.834777832,control
1659,itemhit_lo,lh,141.0,epi,hippocampus,unsmoothed,ap110,-38.6589126587,control
1660,itemhit_lo,rh,146.0,epi,hippocampus,unsmoothed,ap110,-110.233985901,control
1661,itemhit_lo,bilat,287.0,epi,hippocampus,unsmoothed,ap110,-75.0699081421,control
1688,sourcemiss_hi,lh,141.0,epi,hippocampus,unsmoothed,ap110,1977.83557129,control
1689,sourcemiss_hi,rh,146.0,epi,hippocampus,unsmoothed,ap110,1726.1048584,control
1690,sourcemiss_hi,bilat,287.0,epi,hippocampus,unsmoothed,ap110,1849.77746582,control
1717,M,lh,141.0,epi,hippocampus,unsmoothed,ap110,164.962844849,control
1718,M,rh,146.0,epi,hippocampus,unsmoothed,ap110,249.282592773,control
1719,M,bilat,287.0,epi,hippocampus,unsmoothed,ap110,207.857208252,control
1746,CR,lh,140.0,epi,hippocampus,unsmoothed,ap111,-505.109863281,control
1747,CR,rh,141.0,epi,hippocampus,unsmoothed,ap111,-491.720397949,control
1748,CR,bilat,281.0,epi,hippocampus,unsmoothed,ap111,-498.391357422,control
1775,FA,lh,140.0,epi,hippocampus,unsmoothed,ap111,-909.743774414,control
1776,FA,rh,141.0,epi,hippocampus,unsmoothed,ap111,-698.893188477,control
1777,FA,bilat,281.0,epi,hippocampus,unsmoothed,ap111,-803.94329834,control
1804,sourcehit,lh,140.0,epi,hippocampus,unsmoothed,ap111,216.748825073,control
1805,sourcehit,rh,141.0,epi,hippocampus,unsmoothed,ap111,150.888305664,control
1806,sourcehit,bilat,281.0,epi,hippocampus,unsmoothed,ap111,183.701385498,control
1833,itemhit_lo,lh,140.0,epi,hippocampus,unsmoothed,ap111,-548.580383301,control
1834,itemhit_lo,rh,141.0,epi,hippocampus,unsmoothed,ap111,-390.509918213,control
1835,itemhit_lo,bilat,281.0,epi,hippocampus,unsmoothed,ap111,-469.263916016,control
1862,sourcemiss_hi,lh,140.0,epi,hippocampus,unsmoothed,ap111,260.256774902,control
1863,sourcemiss_hi,rh,141.0,epi,hippocampus,unsmoothed,ap111,470.901641846,control
1864,sourcemiss_hi,bilat,281.0,epi,hippocampus,unsmoothed,ap111,365.95401001,control
1891,M,lh,140.0,epi,hippocampus,unsmoothed,ap111,-669.552124023,control
1892,M,rh,141.0,epi,hippocampus,unsmoothed,ap111,-670.544921875,control
1893,M,bilat,281.0,epi,hippocampus,unsmoothed,ap111,-670.050292969,control
1920,CR,lh,157.0,epi,hippocampus,unsmoothed,ap113,9.32532978058,control
1921,CR,rh,169.0,epi,hippocampus,unsmoothed,ap113,7.96493816376,control
1922,CR,bilat,326.0,epi,hippocampus,unsmoothed,ap113,8.62009811401,control
1949,FA,lh,157.0,epi,hippocampus,unsmoothed,ap113,134.080856323,control
1950,FA,rh,169.0,epi,hippocampus,unsmoothed,ap113,124.981620789,control
1951,FA,bilat,326.0,epi,hippocampus,unsmoothed,ap113,129.363754272,control
1978,sourcehit,lh,157.0,epi,hippocampus,unsmoothed,ap113,428.420379639,control
1979,sourcehit,rh,169.0,epi,hippocampus,unsmoothed,ap113,323.034637451,control
1980,sourcehit,bilat,326.0,epi,hippocampus,unsmoothed,ap113,373.787902832,control
2007,itemhit_lo,lh,157.0,epi,hippocampus,unsmoothed,ap113,139.101470947,control
2008,itemhit_lo,rh,169.0,epi,hippocampus,unsmoothed,ap113,213.833328247,control
2009,itemhit_lo,bilat,326.0,epi,hippocampus,unsmoothed,ap113,177.842834473,control
2036,sourcemiss_hi,lh,157.0,epi,hippocampus,unsmoothed,ap113,362.159545898,control
2037,sourcemiss_hi,rh,169.0,epi,hippocampus,unsmoothed,ap113,321.625701904,control
2038,sourcemiss_hi,bilat,326.0,epi,hippocampus,unsmoothed,ap113,341.146606445,control
2065,M,lh,157.0,epi,hippocampus,unsmoothed,ap113,-68.3918380737,control
2066,M,rh,169.0,epi,hippocampus,unsmoothed,ap113,-82.9133453369,control
2067,M,bilat,326.0,epi,hippocampus,unsmoothed,ap113,-75.9198532104,control
2094,CR,lh,130.0,epi,hippocampus,unsmoothed,ap114,116.7474823,control
2095,CR,rh,126.0,epi,hippocampus,unsmoothed,ap114,178.336380005,control
2096,CR,bilat,256.0,epi,hippocampus,unsmoothed,ap114,147.060760498,control
2123,FA,lh,130.0,epi,hippocampus,unsmoothed,ap114,-123.877342224,control
2124,FA,rh,126.0,epi,hippocampus,unsmoothed,ap114,-101.295730591,control
2125,FA,bilat,256.0,epi,hippocampus,unsmoothed,ap114,-112.762954712,control
2152,sourcehit,lh,130.0,epi,hippocampus,unsmoothed,ap114,533.782531738,control
2153,sourcehit,rh,126.0,epi,hippocampus,unsmoothed,ap114,533.78692627,control
2154,sourcehit,bilat,256.0,epi,hippocampus,unsmoothed,ap114,533.784667969,control
2181,itemhit_lo,lh,130.0,epi,hippocampus,unsmoothed,ap114,-19.1448707581,control
2182,itemhit_lo,rh,126.0,epi,hippocampus,unsmoothed,ap114,-38.0096740723,control
2183,itemhit_lo,bilat,256.0,epi,hippocampus,unsmoothed,ap114,-28.429901123,control
2210,sourcemiss_hi,lh,130.0,epi,hippocampus,unsmoothed,ap114,749.475280762,control
2211,sourcemiss_hi,rh,126.0,epi,hippocampus,unsmoothed,ap114,848.731506348,control
2212,sourcemiss_hi,bilat,256.0,epi,hippocampus,unsmoothed,ap114,798.32800293,control
2239,M,lh,130.0,epi,hippocampus,unsmoothed,ap114,52.5349693298,control
2240,M,rh,126.0,epi,hippocampus,unsmoothed,ap114,74.9471282959,control
2241,M,bilat,256.0,epi,hippocampus,unsmoothed,ap114,63.5659561157,control
2268,CR,lh,130.0,epi,hippocampus,unsmoothed,ap115,-505.037017822,control
2269,CR,rh,144.0,epi,hippocampus,unsmoothed,ap115,-517.806274414,control
2270,CR,bilat,274.0,epi,hippocampus,unsmoothed,ap115,-511.747833252,control
2297,FA,lh,130.0,epi,hippocampus,unsmoothed,ap115,-374.757080078,control
2298,FA,rh,144.0,epi,hippocampus,unsmoothed,ap115,-413.005126953,control
2299,FA,bilat,274.0,epi,hippocampus,unsmoothed,ap115,-394.85824585,control
2326,sourcehit,lh,130.0,epi,hippocampus,unsmoothed,ap115,283.049530029,control
2327,sourcehit,rh,144.0,epi,hippocampus,unsmoothed,ap115,191.709640503,control
2328,sourcehit,bilat,274.0,epi,hippocampus,unsmoothed,ap115,235.046096802,control
2355,itemhit_lo,lh,130.0,epi,hippocampus,unsmoothed,ap115,-579.921386719,control
2356,itemhit_lo,rh,144.0,epi,hippocampus,unsmoothed,ap115,-575.036560059,control
2357,itemhit_lo,bilat,274.0,epi,hippocampus,unsmoothed,ap115,-577.354187012,control
2384,sourcemiss_hi,lh,130.0,epi,hippocampus,unsmoothed,ap115,-169.053070068,control
2385,sourcemiss_hi,rh,144.0,epi,hippocampus,unsmoothed,ap115,-140.891525269,control
2386,sourcemiss_hi,bilat,274.0,epi,hippocampus,unsmoothed,ap115,-154.252853394,control
2413,M,lh,130.0,epi,hippocampus,unsmoothed,ap115,-861.40234375,control
2414,M,rh,144.0,epi,hippocampus,unsmoothed,ap115,-1025.52148438,control
2415,M,bilat,274.0,epi,hippocampus,unsmoothed,ap115,-947.654724121,control
2442,CR,lh,97.0,epi,hippocampus,unsmoothed,ap116,-140.904602051,control
2443,CR,rh,146.0,epi,hippocampus,unsmoothed,ap116,-154.543487549,control
2444,CR,bilat,243.0,epi,hippocampus,unsmoothed,ap116,-149.09916687,control
2471,FA,lh,97.0,epi,hippocampus,unsmoothed,ap116,-168.3878479,control
2472,FA,rh,146.0,epi,hippocampus,unsmoothed,ap116,452.549865723,control
2473,FA,bilat,243.0,epi,hippocampus,unsmoothed,ap116,204.685836792,control
2500,sourcehit,lh,97.0,epi,hippocampus,unsmoothed,ap116,289.784484863,control
2501,sourcehit,rh,146.0,epi,hippocampus,unsmoothed,ap116,372.909240723,control
2502,sourcehit,bilat,243.0,epi,hippocampus,unsmoothed,ap116,339.727752686,control
2529,itemhit_lo,lh,97.0,epi,hippocampus,unsmoothed,ap116,-93.5562591553,control
2530,itemhit_lo,rh,146.0,epi,hippocampus,unsmoothed,ap116,195.608978271,control
2531,itemhit_lo,bilat,243.0,epi,hippocampus,unsmoothed,ap116,80.1808700562,control
2558,sourcemiss_hi,lh,97.0,epi,hippocampus,unsmoothed,ap116,57.3252258301,control
2559,sourcemiss_hi,rh,146.0,epi,hippocampus,unsmoothed,ap116,-0.794196128845,control
2560,sourcemiss_hi,bilat,243.0,epi,hippocampus,unsmoothed,ap116,22.4057350159,control
2587,M,lh,97.0,epi,hippocampus,unsmoothed,ap116,-602.234680176,control
2588,M,rh,146.0,epi,hippocampus,unsmoothed,ap116,-802.621032715,control
2589,M,bilat,243.0,epi,hippocampus,unsmoothed,ap116,-722.631408691,control
2616,CR,lh,143.0,epi,hippocampus,unsmoothed,ap117,-190.997177124,control
2617,CR,rh,142.0,epi,hippocampus,unsmoothed,ap117,-127.547180176,control
2618,CR,bilat,285.0,epi,hippocampus,unsmoothed,ap117,-159.383499146,control
2645,FA,lh,143.0,epi,hippocampus,unsmoothed,ap117,-454.129394531,control
2646,FA,rh,142.0,epi,hippocampus,unsmoothed,ap117,-240.191925049,control
2647,FA,bilat,285.0,epi,hippocampus,unsmoothed,ap117,-347.535980225,control
2674,sourcehit,lh,143.0,epi,hippocampus,unsmoothed,ap117,301.361907959,control
2675,sourcehit,rh,142.0,epi,hippocampus,unsmoothed,ap117,352.687927246,control
2676,sourcehit,bilat,285.0,epi,hippocampus,unsmoothed,ap117,326.934906006,control
2703,itemhit_lo,lh,143.0,epi,hippocampus,unsmoothed,ap117,-259.106689453,control
2704,itemhit_lo,rh,142.0,epi,hippocampus,unsmoothed,ap117,-351.099700928,control
2705,itemhit_lo,bilat,285.0,epi,hippocampus,unsmoothed,ap117,-304.941833496,control
2732,sourcemiss_hi,lh,143.0,epi,hippocampus,unsmoothed,ap117,-144.123184204,control
2733,sourcemiss_hi,rh,142.0,epi,hippocampus,unsmoothed,ap117,-142.192779541,control
2734,sourcemiss_hi,bilat,285.0,epi,hippocampus,unsmoothed,ap117,-143.161376953,control
2761,M,lh,143.0,epi,hippocampus,unsmoothed,ap117,-188.952194214,control
2762,M,rh,142.0,epi,hippocampus,unsmoothed,ap117,-332.378723145,control
2763,M,bilat,285.0,epi,hippocampus,unsmoothed,ap117,-260.413848877,control
2790,CR,lh,131.0,epi,hippocampus,unsmoothed,ap118,-578.302856445,control
2791,CR,rh,131.0,epi,hippocampus,unsmoothed,ap118,-568.08203125,control
2792,CR,bilat,262.0,epi,hippocampus,unsmoothed,ap118,-573.192382812,control
2819,FA,lh,131.0,epi,hippocampus,unsmoothed,ap118,-249.828857422,control
2820,FA,rh,131.0,epi,hippocampus,unsmoothed,ap118,-168.777282715,control
2821,FA,bilat,262.0,epi,hippocampus,unsmoothed,ap118,-209.303070068,control
2848,sourcehit,lh,131.0,epi,hippocampus,unsmoothed,ap118,576.702270508,control
2849,sourcehit,rh,131.0,epi,hippocampus,unsmoothed,ap118,542.096496582,control
2850,sourcehit,bilat,262.0,epi,hippocampus,unsmoothed,ap118,559.399414062,control
2877,itemhit_lo,lh,131.0,epi,hippocampus,unsmoothed,ap118,-413.954681396,control
2878,itemhit_lo,rh,131.0,epi,hippocampus,unsmoothed,ap118,-372.49432373,control
2879,itemhit_lo,bilat,262.0,epi,hippocampus,unsmoothed,ap118,-393.22454834,control
2906,sourcemiss_hi,lh,131.0,epi,hippocampus,unsmoothed,ap118,-39.5324478149,control
2907,sourcemiss_hi,rh,131.0,epi,hippocampus,unsmoothed,ap118,117.460670471,control
2908,sourcemiss_hi,bilat,262.0,epi,hippocampus,unsmoothed,ap118,38.9641113281,control
2935,M,lh,131.0,epi,hippocampus,unsmoothed,ap118,-307.056335449,control
2936,M,rh,131.0,epi,hippocampus,unsmoothed,ap118,-368.606933594,control
2937,M,bilat,262.0,epi,hippocampus,unsmoothed,ap118,-337.831634521,control
2964,CR,lh,114.0,epi,hippocampus,unsmoothed,ap119,-1063.69592285,control
2965,CR,rh,132.0,epi,hippocampus,unsmoothed,ap119,-1041.11218262,control
2966,CR,bilat,246.0,epi,hippocampus,unsmoothed,ap119,-1051.57788086,control
2993,FA,lh,114.0,epi,hippocampus,unsmoothed,ap119,-791.16192627,control
2994,FA,rh,132.0,epi,hippocampus,unsmoothed,ap119,-429.565155029,control
2995,FA,bilat,246.0,epi,hippocampus,unsmoothed,ap119,-597.134399414,control
3022,sourcehit,lh,114.0,epi,hippocampus,unsmoothed,ap119,-146.980865479,control
3023,sourcehit,rh,132.0,epi,hippocampus,unsmoothed,ap119,-82.9897155762,control
3024,sourcehit,bilat,246.0,epi,hippocampus,unsmoothed,ap119,-112.644165039,control
3051,itemhit_lo,lh,114.0,epi,hippocampus,unsmoothed,ap119,-706.794189453,control
3052,itemhit_lo,rh,132.0,epi,hippocampus,unsmoothed,ap119,-539.02331543,control
3053,itemhit_lo,bilat,246.0,epi,hippocampus,unsmoothed,ap119,-616.770751953,control
3080,sourcemiss_hi,lh,114.0,epi,hippocampus,unsmoothed,ap119,-463.10546875,control
3081,sourcemiss_hi,rh,132.0,epi,hippocampus,unsmoothed,ap119,-305.147338867,control
3082,sourcemiss_hi,bilat,246.0,epi,hippocampus,unsmoothed,ap119,-378.347442627,control
3109,M,lh,114.0,epi,hippocampus,unsmoothed,ap119,-1053.75463867,control
3110,M,rh,132.0,epi,hippocampus,unsmoothed,ap119,-1099.25366211,control
3111,M,bilat,246.0,epi,hippocampus,unsmoothed,ap119,-1078.16870117,control
3138,CR,lh,145.0,epi,hippocampus,unsmoothed,ap120,37.0264129639,control
3139,CR,rh,159.0,epi,hippocampus,unsmoothed,ap120,-35.0820121765,control
3140,CR,bilat,304.0,epi,hippocampus,unsmoothed,ap120,-0.688190639019,control
3167,FA,lh,145.0,epi,hippocampus,unsmoothed,ap120,-535.956848145,control
3168,FA,rh,159.0,epi,hippocampus,unsmoothed,ap120,-734.92956543,control
3169,FA,bilat,304.0,epi,hippocampus,unsmoothed,ap120,-640.024780273,control
3196,sourcehit,lh,145.0,epi,hippocampus,unsmoothed,ap120,343.169067383,control
3197,sourcehit,rh,159.0,epi,hippocampus,unsmoothed,ap120,181.119552612,control
3198,sourcehit,bilat,304.0,epi,hippocampus,unsmoothed,ap120,258.412902832,control
3225,itemhit_lo,lh,145.0,epi,hippocampus,unsmoothed,ap120,-369.072692871,control
3226,itemhit_lo,rh,159.0,epi,hippocampus,unsmoothed,ap120,-572.302062988,control
3227,itemhit_lo,bilat,304.0,epi,hippocampus,unsmoothed,ap120,-475.366973877,control
3254,sourcemiss_hi,lh,145.0,epi,hippocampus,unsmoothed,ap120,-504.571868896,control
3255,sourcemiss_hi,rh,159.0,epi,hippocampus,unsmoothed,ap120,-591.057983398,control
3256,sourcemiss_hi,bilat,304.0,epi,hippocampus,unsmoothed,ap120,-549.80645752,control
3283,M,lh,145.0,epi,hippocampus,unsmoothed,ap120,-380.027923584,control
3284,M,rh,159.0,epi,hippocampus,unsmoothed,ap120,-394.796295166,control
3285,M,bilat,304.0,epi,hippocampus,unsmoothed,ap120,-387.752197266,control
3312,CR,lh,138.0,epi,hippocampus,unsmoothed,ap121,671.991455078,control
3313,CR,rh,134.0,epi,hippocampus,unsmoothed,ap121,537.987609863,control
3314,CR,bilat,272.0,epi,hippocampus,unsmoothed,ap121,605.974853516,control
3341,FA,lh,138.0,epi,hippocampus,unsmoothed,ap121,269.874389648,control
3342,FA,rh,134.0,epi,hippocampus,unsmoothed,ap121,145.597457886,control
3343,FA,bilat,272.0,epi,hippocampus,unsmoothed,ap121,208.649703979,control
3370,sourcehit,lh,138.0,epi,hippocampus,unsmoothed,ap121,-131.324401855,control
3371,sourcehit,rh,134.0,epi,hippocampus,unsmoothed,ap121,-149.875534058,control
3372,sourcehit,bilat,272.0,epi,hippocampus,unsmoothed,ap121,-140.463577271,control
3399,itemhit_lo,lh,138.0,epi,hippocampus,unsmoothed,ap121,312.471679688,control
3400,itemhit_lo,rh,134.0,epi,hippocampus,unsmoothed,ap121,329.363067627,control
3401,itemhit_lo,bilat,272.0,epi,hippocampus,unsmoothed,ap121,320.793212891,control
3428,sourcemiss_hi,lh,138.0,epi,hippocampus,unsmoothed,ap121,-118.585792542,control
3429,sourcemiss_hi,rh,134.0,epi,hippocampus,unsmoothed,ap121,-35.2059326172,control
3430,sourcemiss_hi,bilat,272.0,epi,hippocampus,unsmoothed,ap121,-77.5089492798,control
3457,M,lh,138.0,epi,hippocampus,unsmoothed,ap121,349.741943359,control
3458,M,rh,134.0,epi,hippocampus,unsmoothed,ap121,123.613792419,control
3459,M,bilat,272.0,epi,hippocampus,unsmoothed,ap121,238.340560913,control
3486,CR,lh,130.0,epi,hippocampus,unsmoothed,ap122,-629.521850586,control
3487,CR,rh,126.0,epi,hippocampus,unsmoothed,ap122,-611.629272461,control
3488,CR,bilat,256.0,epi,hippocampus,unsmoothed,ap122,-620.715332031,control
3515,FA,lh,130.0,epi,hippocampus,unsmoothed,ap122,-414.712249756,control
3516,FA,rh,126.0,epi,hippocampus,unsmoothed,ap122,-462.058013916,control
3517,FA,bilat,256.0,epi,hippocampus,unsmoothed,ap122,-438.015258789,control
3544,sourcehit,lh,130.0,epi,hippocampus,unsmoothed,ap122,239.376831055,control
3545,sourcehit,rh,126.0,epi,hippocampus,unsmoothed,ap122,182.691345215,control
3546,sourcehit,bilat,256.0,epi,hippocampus,unsmoothed,ap122,211.47694397,control
3573,itemhit_lo,lh,130.0,epi,hippocampus,unsmoothed,ap122,202.856567383,control
3574,itemhit_lo,rh,126.0,epi,hippocampus,unsmoothed,ap122,4.45882081985,control
3575,itemhit_lo,bilat,256.0,epi,hippocampus,unsmoothed,ap122,105.207672119,control
3602,sourcemiss_hi,lh,130.0,epi,hippocampus,unsmoothed,ap122,-460.905578613,control
3603,sourcemiss_hi,rh,126.0,epi,hippocampus,unsmoothed,ap122,-296.666442871,control
3604,sourcemiss_hi,bilat,256.0,epi,hippocampus,unsmoothed,ap122,-380.069152832,control
3631,M,lh,130.0,epi,hippocampus,unsmoothed,ap122,-81.9367904663,control
3632,M,rh,126.0,epi,hippocampus,unsmoothed,ap122,-35.7667961121,control
3633,M,bilat,256.0,epi,hippocampus,unsmoothed,ap122,-59.2124938965,control
3660,CR,lh,136.0,epi,hippocampus,unsmoothed,ap150,-110.312850952,stress
3661,CR,rh,112.0,epi,hippocampus,unsmoothed,ap150,-162.208511353,stress
3662,CR,bilat,248.0,epi,hippocampus,unsmoothed,ap150,-133.749603271,stress
3689,FA,lh,136.0,epi,hippocampus,unsmoothed,ap150,-279.919586182,stress
3690,FA,rh,112.0,epi,hippocampus,unsmoothed,ap150,-374.077087402,stress
3691,FA,bilat,248.0,epi,hippocampus,unsmoothed,ap150,-322.442352295,stress
3718,sourcehit,lh,136.0,epi,hippocampus,unsmoothed,ap150,102.286399841,stress
3719,sourcehit,rh,112.0,epi,hippocampus,unsmoothed,ap150,272.133361816,stress
3720,sourcehit,bilat,248.0,epi,hippocampus,unsmoothed,ap150,178.991485596,stress
3747,itemhit_lo,lh,136.0,epi,hippocampus,unsmoothed,ap150,-401.300079346,stress
3748,itemhit_lo,rh,112.0,epi,hippocampus,unsmoothed,ap150,-462.351837158,stress
3749,itemhit_lo,bilat,248.0,epi,hippocampus,unsmoothed,ap150,-428.871856689,stress
3776,sourcemiss_hi,lh,136.0,epi,hippocampus,unsmoothed,ap150,-295.802276611,stress
3777,sourcemiss_hi,rh,112.0,epi,hippocampus,unsmoothed,ap150,-197.023696899,stress
3778,sourcemiss_hi,bilat,248.0,epi,hippocampus,unsmoothed,ap150,-251.192596436,stress
3805,M,lh,136.0,epi,hippocampus,unsmoothed,ap150,-562.897277832,stress
3806,M,rh,112.0,epi,hippocampus,unsmoothed,ap150,-609.981750488,stress
3807,M,bilat,248.0,epi,hippocampus,unsmoothed,ap150,-584.161193848,stress
3834,CR,lh,126.0,epi,hippocampus,unsmoothed,ap152,245.614715576,stress
3835,CR,rh,120.0,epi,hippocampus,unsmoothed,ap152,249.307479858,stress
3836,CR,bilat,246.0,epi,hippocampus,unsmoothed,ap152,247.416061401,stress
3863,FA,lh,126.0,epi,hippocampus,unsmoothed,ap152,-69.9533920288,stress
3864,FA,rh,120.0,epi,hippocampus,unsmoothed,ap152,-115.158348083,stress
3865,FA,bilat,246.0,epi,hippocampus,unsmoothed,ap152,-92.0046005249,stress
3892,sourcehit,lh,126.0,epi,hippocampus,unsmoothed,ap152,582.301330566,stress
3893,sourcehit,rh,120.0,epi,hippocampus,unsmoothed,ap152,752.57409668,stress
3894,sourcehit,bilat,246.0,epi,hippocampus,unsmoothed,ap152,665.361206055,stress
3921,itemhit_lo,lh,126.0,epi,hippocampus,unsmoothed,ap152,119.314414978,stress
3922,itemhit_lo,rh,120.0,epi,hippocampus,unsmoothed,ap152,114.905563354,stress
3923,itemhit_lo,bilat,246.0,epi,hippocampus,unsmoothed,ap152,117.163749695,stress
3950,sourcemiss_hi,lh,126.0,epi,hippocampus,unsmoothed,ap152,-474.234985352,stress
3951,sourcemiss_hi,rh,120.0,epi,hippocampus,unsmoothed,ap152,-261.269989014,stress
3952,sourcemiss_hi,bilat,246.0,epi,hippocampus,unsmoothed,ap152,-370.34967041,stress
3979,M,lh,126.0,epi,hippocampus,unsmoothed,ap152,108.469917297,stress
3980,M,rh,120.0,epi,hippocampus,unsmoothed,ap152,151.157485962,stress
3981,M,bilat,246.0,epi,hippocampus,unsmoothed,ap152,129.293121338,stress
4008,CR,lh,120.0,epi,hippocampus,unsmoothed,ap153,22.3143310547,stress
4009,CR,rh,121.0,epi,hippocampus,unsmoothed,ap153,-154.613586426,stress
4010,CR,bilat,241.0,epi,hippocampus,unsmoothed,ap153,-66.5166931152,stress
4037,FA,lh,120.0,epi,hippocampus,unsmoothed,ap153,128.827697754,stress
4038,FA,rh,121.0,epi,hippocampus,unsmoothed,ap153,-267.658691406,stress
4039,FA,bilat,241.0,epi,hippocampus,unsmoothed,ap153,-70.2380905151,stress
4066,sourcehit,lh,120.0,epi,hippocampus,unsmoothed,ap153,20.4592761993,stress
4067,sourcehit,rh,121.0,epi,hippocampus,unsmoothed,ap153,-142.173904419,stress
4068,sourcehit,bilat,241.0,epi,hippocampus,unsmoothed,ap153,-61.1947288513,stress
4095,itemhit_lo,lh,120.0,epi,hippocampus,unsmoothed,ap153,160.221832275,stress
4096,itemhit_lo,rh,121.0,epi,hippocampus,unsmoothed,ap153,-34.0531349182,stress
4097,itemhit_lo,bilat,241.0,epi,hippocampus,unsmoothed,ap153,62.6812667847,stress
4124,sourcemiss_hi,lh,120.0,epi,hippocampus,unsmoothed,ap153,17.3026008606,stress
4125,sourcemiss_hi,rh,121.0,epi,hippocampus,unsmoothed,ap153,-39.7223014832,stress
4126,sourcemiss_hi,bilat,241.0,epi,hippocampus,unsmoothed,ap153,-11.3281488419,stress
4153,M,lh,120.0,epi,hippocampus,unsmoothed,ap153,90.8754119873,stress
4154,M,rh,121.0,epi,hippocampus,unsmoothed,ap153,-341.974243164,stress
4155,M,bilat,241.0,epi,hippocampus,unsmoothed,ap153,-126.447441101,stress
4182,CR,lh,139.0,epi,hippocampus,unsmoothed,ap154,-234.582763672,stress
4183,CR,rh,130.0,epi,hippocampus,unsmoothed,ap154,-169.146575928,stress
4184,CR,bilat,269.0,epi,hippocampus,unsmoothed,ap154,-202.959350586,stress
4211,FA,lh,139.0,epi,hippocampus,unsmoothed,ap154,-367.367584229,stress
4212,FA,rh,130.0,epi,hippocampus,unsmoothed,ap154,-409.736175537,stress
4213,FA,bilat,269.0,epi,hippocampus,unsmoothed,ap154,-387.843139648,stress
4240,sourcehit,lh,139.0,epi,hippocampus,unsmoothed,ap154,3.70930051804,stress
4241,sourcehit,rh,130.0,epi,hippocampus,unsmoothed,ap154,17.8209056854,stress
4242,sourcehit,bilat,269.0,epi,hippocampus,unsmoothed,ap154,10.5290317535,stress
4269,itemhit_lo,lh,139.0,epi,hippocampus,unsmoothed,ap154,-235.796569824,stress
4270,itemhit_lo,rh,130.0,epi,hippocampus,unsmoothed,ap154,-281.669158936,stress
4271,itemhit_lo,bilat,269.0,epi,hippocampus,unsmoothed,ap154,-257.965484619,stress
4298,sourcemiss_hi,lh,139.0,epi,hippocampus,unsmoothed,ap154,323.084564209,stress
4299,sourcemiss_hi,rh,130.0,epi,hippocampus,unsmoothed,ap154,438.325195312,stress
4300,sourcemiss_hi,bilat,269.0,epi,hippocampus,unsmoothed,ap154,378.777069092,stress
4327,M,lh,139.0,epi,hippocampus,unsmoothed,ap154,10.963470459,stress
4328,M,rh,130.0,epi,hippocampus,unsmoothed,ap154,28.5325012207,stress
4329,M,bilat,269.0,epi,hippocampus,unsmoothed,ap154,19.4540748596,stress
4356,CR,lh,138.0,epi,hippocampus,unsmoothed,ap155,-0.376885026693,stress
4357,CR,rh,136.0,epi,hippocampus,unsmoothed,ap155,74.9441375732,stress
4358,CR,bilat,274.0,epi,hippocampus,unsmoothed,ap155,37.0087242126,stress
4385,FA,lh,138.0,epi,hippocampus,unsmoothed,ap155,-161.564987183,stress
4386,FA,rh,136.0,epi,hippocampus,unsmoothed,ap155,-146.488571167,stress
4387,FA,bilat,274.0,epi,hippocampus,unsmoothed,ap155,-154.081802368,stress
4414,sourcehit,lh,138.0,epi,hippocampus,unsmoothed,ap155,212.434082031,stress
4415,sourcehit,rh,136.0,epi,hippocampus,unsmoothed,ap155,218.255172729,stress
4416,sourcehit,bilat,274.0,epi,hippocampus,unsmoothed,ap155,215.323379517,stress
4443,itemhit_lo,lh,138.0,epi,hippocampus,unsmoothed,ap155,-76.7236404419,stress
4444,itemhit_lo,rh,136.0,epi,hippocampus,unsmoothed,ap155,32.9805030823,stress
4445,itemhit_lo,bilat,274.0,epi,hippocampus,unsmoothed,ap155,-22.2719516754,stress
4472,sourcemiss_hi,lh,138.0,epi,hippocampus,unsmoothed,ap155,-347.354400635,stress
4473,sourcemiss_hi,rh,136.0,epi,hippocampus,unsmoothed,ap155,-99.7245635986,stress
4474,sourcemiss_hi,bilat,274.0,epi,hippocampus,unsmoothed,ap155,-224.443252563,stress
4501,M,lh,138.0,epi,hippocampus,unsmoothed,ap155,196.752166748,stress
4502,M,rh,136.0,epi,hippocampus,unsmoothed,ap155,-94.5809860229,stress
4503,M,bilat,274.0,epi,hippocampus,unsmoothed,ap155,52.1488609314,stress
4530,CR,lh,119.0,epi,hippocampus,unsmoothed,ap157,-368.966766357,stress
4531,CR,rh,115.0,epi,hippocampus,unsmoothed,ap157,-585.294616699,stress
4532,CR,bilat,234.0,epi,hippocampus,unsmoothed,ap157,-475.281738281,stress
4559,FA,lh,119.0,epi,hippocampus,unsmoothed,ap157,-293.725158691,stress
4560,FA,rh,115.0,epi,hippocampus,unsmoothed,ap157,-519.717163086,stress
4561,FA,bilat,234.0,epi,hippocampus,unsmoothed,ap157,-404.789611816,stress
4588,sourcehit,lh,119.0,epi,hippocampus,unsmoothed,ap157,198.934432983,stress
4589,sourcehit,rh,115.0,epi,hippocampus,unsmoothed,ap157,104.161315918,stress
4590,sourcehit,bilat,234.0,epi,hippocampus,unsmoothed,ap157,152.357910156,stress
4617,itemhit_lo,lh,119.0,epi,hippocampus,unsmoothed,ap157,-361.060028076,stress
4618,itemhit_lo,rh,115.0,epi,hippocampus,unsmoothed,ap157,-413.481262207,stress
4619,itemhit_lo,bilat,234.0,epi,hippocampus,unsmoothed,ap157,-386.822570801,stress
4646,sourcemiss_hi,lh,119.0,epi,hippocampus,unsmoothed,ap157,27.0562953949,stress
4647,sourcemiss_hi,rh,115.0,epi,hippocampus,unsmoothed,ap157,-80.0616073608,stress
4648,sourcemiss_hi,bilat,234.0,epi,hippocampus,unsmoothed,ap157,-25.5871295929,stress
4675,M,lh,119.0,epi,hippocampus,unsmoothed,ap157,-289.531982422,stress
4676,M,rh,115.0,epi,hippocampus,unsmoothed,ap157,-478.941711426,stress
4677,M,bilat,234.0,epi,hippocampus,unsmoothed,ap157,-382.617980957,stress
4704,CR,lh,136.0,epi,hippocampus,unsmoothed,ap158,-167.455200195,control
4705,CR,rh,132.0,epi,hippocampus,unsmoothed,ap158,-266.264709473,control
4706,CR,bilat,268.0,epi,hippocampus,unsmoothed,ap158,-216.122558594,control
4733,FA,lh,136.0,epi,hippocampus,unsmoothed,ap158,-193.383041382,control
4734,FA,rh,132.0,epi,hippocampus,unsmoothed,ap158,-317.786376953,control
4735,FA,bilat,268.0,epi,hippocampus,unsmoothed,ap158,-254.656311035,control
4762,sourcehit,lh,136.0,epi,hippocampus,unsmoothed,ap158,335.112640381,control
4763,sourcehit,rh,132.0,epi,hippocampus,unsmoothed,ap158,162.268768311,control
4764,sourcehit,bilat,268.0,epi,hippocampus,unsmoothed,ap158,249.98059082,control
4791,itemhit_lo,lh,136.0,epi,hippocampus,unsmoothed,ap158,-38.7313079834,control
4792,itemhit_lo,rh,132.0,epi,hippocampus,unsmoothed,ap158,-185.998733521,control
4793,itemhit_lo,bilat,268.0,epi,hippocampus,unsmoothed,ap158,-111.266021729,control
4820,sourcemiss_hi,lh,136.0,epi,hippocampus,unsmoothed,ap158,-450.770751953,control
4821,sourcemiss_hi,rh,132.0,epi,hippocampus,unsmoothed,ap158,-780.156005859,control
4822,sourcemiss_hi,bilat,268.0,epi,hippocampus,unsmoothed,ap158,-613.005310059,control
4849,M,lh,136.0,epi,hippocampus,unsmoothed,ap158,-141.471099854,control
4850,M,rh,132.0,epi,hippocampus,unsmoothed,ap158,-103.294288635,control
4851,M,bilat,268.0,epi,hippocampus,unsmoothed,ap158,-122.667602539,control
4878,CR,lh,140.0,epi,hippocampus,unsmoothed,ap159,-154.893768311,stress
4879,CR,rh,145.0,epi,hippocampus,unsmoothed,ap159,-37.048324585,stress
4880,CR,bilat,285.0,epi,hippocampus,unsmoothed,ap159,-94.9373245239,stress
4907,FA,lh,140.0,epi,hippocampus,unsmoothed,ap159,71.6551208496,stress
4908,FA,rh,145.0,epi,hippocampus,unsmoothed,ap159,14.1527481079,stress
4909,FA,bilat,285.0,epi,hippocampus,unsmoothed,ap159,42.3995094299,stress
4936,sourcehit,lh,140.0,epi,hippocampus,unsmoothed,ap159,105.821960449,stress
4937,sourcehit,rh,145.0,epi,hippocampus,unsmoothed,ap159,290.525726318,stress
4938,sourcehit,bilat,285.0,epi,hippocampus,unsmoothed,ap159,199.794067383,stress
4965,itemhit_lo,lh,140.0,epi,hippocampus,unsmoothed,ap159,-159.378509521,stress
4966,itemhit_lo,rh,145.0,epi,hippocampus,unsmoothed,ap159,-83.781539917,stress
4967,itemhit_lo,bilat,285.0,epi,hippocampus,unsmoothed,ap159,-120.916915894,stress
4994,sourcemiss_hi,lh,140.0,epi,hippocampus,unsmoothed,ap159,325.530303955,stress
4995,sourcemiss_hi,rh,145.0,epi,hippocampus,unsmoothed,ap159,414.984954834,stress
4996,sourcemiss_hi,bilat,285.0,epi,hippocampus,unsmoothed,ap159,371.042327881,stress
5023,M,lh,140.0,epi,hippocampus,unsmoothed,ap159,-216.164733887,stress
5024,M,rh,145.0,epi,hippocampus,unsmoothed,ap159,-190.983978271,stress
5025,M,bilat,285.0,epi,hippocampus,unsmoothed,ap159,-203.353469849,stress
5052,CR,lh,105.0,epi,hippocampus,unsmoothed,ap160,-209.999176025,stress
5053,CR,rh,117.0,epi,hippocampus,unsmoothed,ap160,-221.580627441,stress
5054,CR,bilat,222.0,epi,hippocampus,unsmoothed,ap160,-216.10295105,stress
5081,FA,lh,105.0,epi,hippocampus,unsmoothed,ap160,373.525695801,stress
5082,FA,rh,117.0,epi,hippocampus,unsmoothed,ap160,370.806762695,stress
5083,FA,bilat,222.0,epi,hippocampus,unsmoothed,ap160,372.092773438,stress
5110,sourcehit,lh,105.0,epi,hippocampus,unsmoothed,ap160,207.323898315,stress
5111,sourcehit,rh,117.0,epi,hippocampus,unsmoothed,ap160,87.424911499,stress
5112,sourcehit,bilat,222.0,epi,hippocampus,unsmoothed,ap160,144.133895874,stress
5139,itemhit_lo,lh,105.0,epi,hippocampus,unsmoothed,ap160,92.1800765991,stress
5140,itemhit_lo,rh,117.0,epi,hippocampus,unsmoothed,ap160,137.191238403,stress
5141,itemhit_lo,bilat,222.0,epi,hippocampus,unsmoothed,ap160,115.902168274,stress
5168,sourcemiss_hi,lh,105.0,epi,hippocampus,unsmoothed,ap160,642.083496094,stress
5169,sourcemiss_hi,rh,117.0,epi,hippocampus,unsmoothed,ap160,661.646972656,stress
5170,sourcemiss_hi,bilat,222.0,epi,hippocampus,unsmoothed,ap160,652.393981934,stress
5197,M,lh,105.0,epi,hippocampus,unsmoothed,ap160,-140.903076172,stress
5198,M,rh,117.0,epi,hippocampus,unsmoothed,ap160,-45.6819229126,stress
5199,M,bilat,222.0,epi,hippocampus,unsmoothed,ap160,-90.7189559937,stress
5226,CR,lh,129.0,epi,hippocampus,unsmoothed,ap161,-316.322967529,stress
5227,CR,rh,121.0,epi,hippocampus,unsmoothed,ap161,-642.521911621,stress
5228,CR,bilat,250.0,epi,hippocampus,unsmoothed,ap161,-474.20324707,stress
5255,FA,lh,129.0,epi,hippocampus,unsmoothed,ap161,-361.971221924,stress
5256,FA,rh,121.0,epi,hippocampus,unsmoothed,ap161,-514.257324219,stress
5257,FA,bilat,250.0,epi,hippocampus,unsmoothed,ap161,-435.67767334,stress
5284,sourcehit,lh,129.0,epi,hippocampus,unsmoothed,ap161,-216.417419434,stress
5285,sourcehit,rh,121.0,epi,hippocampus,unsmoothed,ap161,-163.586212158,stress
5286,sourcehit,bilat,250.0,epi,hippocampus,unsmoothed,ap161,-190.847106934,stress
5313,itemhit_lo,lh,129.0,epi,hippocampus,unsmoothed,ap161,-86.6156921387,stress
5314,itemhit_lo,rh,121.0,epi,hippocampus,unsmoothed,ap161,-315.203125,stress
5315,itemhit_lo,bilat,250.0,epi,hippocampus,unsmoothed,ap161,-197.251998901,stress
5342,sourcemiss_hi,lh,129.0,epi,hippocampus,unsmoothed,ap161,-37.1361808777,stress
5343,sourcemiss_hi,rh,121.0,epi,hippocampus,unsmoothed,ap161,-295.582366943,stress
5344,sourcemiss_hi,bilat,250.0,epi,hippocampus,unsmoothed,ap161,-162.224121094,stress
5371,M,lh,129.0,epi,hippocampus,unsmoothed,ap161,-1103.7989502,stress
5372,M,rh,121.0,epi,hippocampus,unsmoothed,ap161,-1486.93371582,stress
5373,M,bilat,250.0,epi,hippocampus,unsmoothed,ap161,-1289.23620605,stress
5400,CR,lh,146.0,epi,hippocampus,unsmoothed,ap162,272.984619141,stress
5401,CR,rh,145.0,epi,hippocampus,unsmoothed,ap162,27.3497467041,stress
5402,CR,bilat,291.0,epi,hippocampus,unsmoothed,ap162,150.589233398,stress
5429,FA,lh,146.0,epi,hippocampus,unsmoothed,ap162,72.2416610718,stress
5430,FA,rh,145.0,epi,hippocampus,unsmoothed,ap162,-114.908309937,stress
5431,FA,bilat,291.0,epi,hippocampus,unsmoothed,ap162,-21.0117588043,stress
5458,sourcehit,lh,146.0,epi,hippocampus,unsmoothed,ap162,45.893573761,stress
5459,sourcehit,rh,145.0,epi,hippocampus,unsmoothed,ap162,45.2472991943,stress
5460,sourcehit,bilat,291.0,epi,hippocampus,unsmoothed,ap162,45.5715446472,stress
5487,itemhit_lo,lh,146.0,epi,hippocampus,unsmoothed,ap162,292.526794434,stress
5488,itemhit_lo,rh,145.0,epi,hippocampus,unsmoothed,ap162,203.745864868,stress
5489,itemhit_lo,bilat,291.0,epi,hippocampus,unsmoothed,ap162,248.288879395,stress
5516,sourcemiss_hi,lh,146.0,epi,hippocampus,unsmoothed,ap162,-60.4525032043,stress
5517,sourcemiss_hi,rh,145.0,epi,hippocampus,unsmoothed,ap162,148.067108154,stress
5518,sourcemiss_hi,bilat,291.0,epi,hippocampus,unsmoothed,ap162,43.449016571,stress
5545,M,lh,146.0,epi,hippocampus,unsmoothed,ap162,377.548614502,stress
5546,M,rh,145.0,epi,hippocampus,unsmoothed,ap162,289.896881104,stress
5547,M,bilat,291.0,epi,hippocampus,unsmoothed,ap162,333.873321533,stress
5574,CR,lh,153.0,epi,hippocampus,unsmoothed,ap164,-735.332702637,stress
5575,CR,rh,128.0,epi,hippocampus,unsmoothed,ap164,-1183.69067383,stress
5576,CR,bilat,281.0,epi,hippocampus,unsmoothed,ap164,-939.566955566,stress
5603,FA,lh,153.0,epi,hippocampus,unsmoothed,ap164,-298.066619873,stress
5604,FA,rh,128.0,epi,hippocampus,unsmoothed,ap164,-415.31918335,stress
5605,FA,bilat,281.0,epi,hippocampus,unsmoothed,ap164,-351.477020264,stress
5632,sourcehit,lh,153.0,epi,hippocampus,unsmoothed,ap164,289.560913086,stress
5633,sourcehit,rh,128.0,epi,hippocampus,unsmoothed,ap164,78.9806213379,stress
5634,sourcehit,bilat,281.0,epi,hippocampus,unsmoothed,ap164,193.63822937,stress
5661,itemhit_lo,lh,153.0,epi,hippocampus,unsmoothed,ap164,-92.1937942505,stress
5662,itemhit_lo,rh,128.0,epi,hippocampus,unsmoothed,ap164,-343.917602539,stress
5663,itemhit_lo,bilat,281.0,epi,hippocampus,unsmoothed,ap164,-206.85798645,stress
5690,sourcemiss_hi,lh,153.0,epi,hippocampus,unsmoothed,ap164,596.658081055,stress
5691,sourcemiss_hi,rh,128.0,epi,hippocampus,unsmoothed,ap164,488.080108643,stress
5692,sourcemiss_hi,bilat,281.0,epi,hippocampus,unsmoothed,ap164,547.199035645,stress
5719,M,lh,153.0,epi,hippocampus,unsmoothed,ap164,-279.896850586,stress
5720,M,rh,128.0,epi,hippocampus,unsmoothed,ap164,-656.180908203,stress
5721,M,bilat,281.0,epi,hippocampus,unsmoothed,ap164,-451.300262451,stress
5748,CR,lh,60.0,epi,hippocampus,unsmoothed,ap163,97.1713485718,stress
5749,CR,rh,126.0,epi,hippocampus,unsmoothed,ap163,-154.640701294,stress
5750,CR,bilat,186.0,epi,hippocampus,unsmoothed,ap163,-73.4110031128,stress
5777,FA,lh,60.0,epi,hippocampus,unsmoothed,ap163,-511.841094971,stress
5778,FA,rh,126.0,epi,hippocampus,unsmoothed,ap163,-615.114257812,stress
5779,FA,bilat,186.0,epi,hippocampus,unsmoothed,ap163,-581.800292969,stress
5806,sourcehit,lh,60.0,epi,hippocampus,unsmoothed,ap163,282.071777344,stress
5807,sourcehit,rh,126.0,epi,hippocampus,unsmoothed,ap163,408.366638184,stress
5808,sourcehit,bilat,186.0,epi,hippocampus,unsmoothed,ap163,367.626342773,stress
5835,itemhit_lo,lh,60.0,epi,hippocampus,unsmoothed,ap163,-240.773223877,stress
5836,itemhit_lo,rh,126.0,epi,hippocampus,unsmoothed,ap163,7.66731929779,stress
5837,itemhit_lo,bilat,186.0,epi,hippocampus,unsmoothed,ap163,-72.4747924805,stress
5864,sourcemiss_hi,lh,60.0,epi,hippocampus,unsmoothed,ap163,25.7431926727,stress
5865,sourcemiss_hi,rh,126.0,epi,hippocampus,unsmoothed,ap163,93.2017364502,stress
5866,sourcemiss_hi,bilat,186.0,epi,hippocampus,unsmoothed,ap163,71.4409103394,stress
5893,M,lh,60.0,epi,hippocampus,unsmoothed,ap163,90.575920105,stress
5894,M,rh,126.0,epi,hippocampus,unsmoothed,ap163,171.465621948,stress
5895,M,bilat,186.0,epi,hippocampus,unsmoothed,ap163,145.372161865,stress
5922,CR,lh,146.0,epi,hippocampus,unsmoothed,ap165,-687.082824707,stress
5923,CR,rh,153.0,epi,hippocampus,unsmoothed,ap165,-667.027160645,stress
5924,CR,bilat,299.0,epi,hippocampus,unsmoothed,ap165,-676.820251465,stress
5951,FA,lh,146.0,epi,hippocampus,unsmoothed,ap165,-515.09387207,stress
5952,FA,rh,153.0,epi,hippocampus,unsmoothed,ap165,-512.945739746,stress
5953,FA,bilat,299.0,epi,hippocampus,unsmoothed,ap165,-513.994689941,stress
5980,sourcehit,lh,146.0,epi,hippocampus,unsmoothed,ap165,242.028198242,stress
5981,sourcehit,rh,153.0,epi,hippocampus,unsmoothed,ap165,219.39112854,stress
5982,sourcehit,bilat,299.0,epi,hippocampus,unsmoothed,ap165,230.444717407,stress
6009,itemhit_lo,lh,146.0,epi,hippocampus,unsmoothed,ap165,-899.503967285,stress
6010,itemhit_lo,rh,153.0,epi,hippocampus,unsmoothed,ap165,-848.254211426,stress
6011,itemhit_lo,bilat,299.0,epi,hippocampus,unsmoothed,ap165,-873.27911377,stress
6038,sourcemiss_hi,lh,146.0,epi,hippocampus,unsmoothed,ap165,-1162.06970215,stress
6039,sourcemiss_hi,rh,153.0,epi,hippocampus,unsmoothed,ap165,-1045.8458252,stress
6040,sourcemiss_hi,bilat,299.0,epi,hippocampus,unsmoothed,ap165,-1102.59741211,stress
6067,M,lh,146.0,epi,hippocampus,unsmoothed,ap165,-531.511474609,stress
6068,M,rh,153.0,epi,hippocampus,unsmoothed,ap165,-632.884399414,stress
6069,M,bilat,299.0,epi,hippocampus,unsmoothed,ap165,-583.38458252,stress
6096,CR,lh,109.0,epi,hippocampus,unsmoothed,ap166,63.6755218506,stress
6097,CR,rh,110.0,epi,hippocampus,unsmoothed,ap166,-122.927986145,stress
6098,CR,bilat,219.0,epi,hippocampus,unsmoothed,ap166,-30.0522708893,stress
6125,FA,lh,109.0,epi,hippocampus,unsmoothed,ap166,197.858535767,stress
6126,FA,rh,110.0,epi,hippocampus,unsmoothed,ap166,-6.22306871414,stress
6127,FA,bilat,219.0,epi,hippocampus,unsmoothed,ap166,95.351776123,stress
6154,sourcehit,lh,109.0,epi,hippocampus,unsmoothed,ap166,769.453674316,stress
6155,sourcehit,rh,110.0,epi,hippocampus,unsmoothed,ap166,287.577789307,stress
6156,sourcehit,bilat,219.0,epi,hippocampus,unsmoothed,ap166,527.415588379,stress
6183,itemhit_lo,lh,109.0,epi,hippocampus,unsmoothed,ap166,505.26940918,stress
6184,itemhit_lo,rh,110.0,epi,hippocampus,unsmoothed,ap166,216.315307617,stress
6185,itemhit_lo,bilat,219.0,epi,hippocampus,unsmoothed,ap166,360.132629395,stress
6212,sourcemiss_hi,lh,109.0,epi,hippocampus,unsmoothed,ap166,856.732055664,stress
6213,sourcemiss_hi,rh,110.0,epi,hippocampus,unsmoothed,ap166,564.414001465,stress
6214,sourcemiss_hi,bilat,219.0,epi,hippocampus,unsmoothed,ap166,709.905700684,stress
6241,M,lh,109.0,epi,hippocampus,unsmoothed,ap166,385.277740479,stress
6242,M,rh,110.0,epi,hippocampus,unsmoothed,ap166,-78.6965408325,stress
6243,M,bilat,219.0,epi,hippocampus,unsmoothed,ap166,152.231307983,stress
6270,CR,lh,131.0,epi,hippocampus,unsmoothed,ap167,23.0221366882,stress
6271,CR,rh,125.0,epi,hippocampus,unsmoothed,ap167,121.6068573,stress
6272,CR,bilat,256.0,epi,hippocampus,unsmoothed,ap167,71.1592025757,stress
6299,FA,lh,131.0,epi,hippocampus,unsmoothed,ap167,-405.891021729,stress
6300,FA,rh,125.0,epi,hippocampus,unsmoothed,ap167,-477.502563477,stress
6301,FA,bilat,256.0,epi,hippocampus,unsmoothed,ap167,-440.857574463,stress
6328,sourcehit,lh,131.0,epi,hippocampus,unsmoothed,ap167,268.79776001,stress
6329,sourcehit,rh,125.0,epi,hippocampus,unsmoothed,ap167,385.551849365,stress
6330,sourcehit,bilat,256.0,epi,hippocampus,unsmoothed,ap167,325.806549072,stress
6357,itemhit_lo,lh,131.0,epi,hippocampus,unsmoothed,ap167,-93.3100967407,stress
6358,itemhit_lo,rh,125.0,epi,hippocampus,unsmoothed,ap167,-83.4602127075,stress
6359,itemhit_lo,bilat,256.0,epi,hippocampus,unsmoothed,ap167,-88.500579834,stress
6386,sourcemiss_hi,lh,131.0,epi,hippocampus,unsmoothed,ap167,171.79901123,stress
6387,sourcemiss_hi,rh,125.0,epi,hippocampus,unsmoothed,ap167,-66.4505996704,stress
6388,sourcemiss_hi,bilat,256.0,epi,hippocampus,unsmoothed,ap167,55.4662094116,stress
6415,M,lh,131.0,epi,hippocampus,unsmoothed,ap167,65.0643310547,stress
6416,M,rh,125.0,epi,hippocampus,unsmoothed,ap167,131.871231079,stress
6417,M,bilat,256.0,epi,hippocampus,unsmoothed,ap167,97.6848907471,stress
6444,CR,lh,134.0,epi,hippocampus,unsmoothed,ap168,-879.800109863,stress
6445,CR,rh,126.0,epi,hippocampus,unsmoothed,ap168,-164.30770874,stress
6446,CR,bilat,260.0,epi,hippocampus,unsmoothed,ap168,-533.061462402,stress
6473,FA,lh,134.0,epi,hippocampus,unsmoothed,ap168,743.087341309,stress
6474,FA,rh,126.0,epi,hippocampus,unsmoothed,ap168,657.59375,stress
6475,FA,bilat,260.0,epi,hippocampus,unsmoothed,ap168,701.655822754,stress
6502,sourcehit,lh,134.0,epi,hippocampus,unsmoothed,ap168,-359.683258057,stress
6503,sourcehit,rh,126.0,epi,hippocampus,unsmoothed,ap168,-403.182739258,stress
6504,sourcehit,bilat,260.0,epi,hippocampus,unsmoothed,ap168,-380.763763428,stress
6531,itemhit_lo,lh,134.0,epi,hippocampus,unsmoothed,ap168,-137.744262695,stress
6532,itemhit_lo,rh,126.0,epi,hippocampus,unsmoothed,ap168,2.90666651726,stress
6533,itemhit_lo,bilat,260.0,epi,hippocampus,unsmoothed,ap168,-69.5826568604,stress
6560,sourcemiss_hi,lh,134.0,epi,hippocampus,unsmoothed,ap168,-295.239746094,stress
6561,sourcemiss_hi,rh,126.0,epi,hippocampus,unsmoothed,ap168,-552.572570801,stress
6562,sourcemiss_hi,bilat,260.0,epi,hippocampus,unsmoothed,ap168,-419.947143555,stress
6589,M,lh,134.0,epi,hippocampus,unsmoothed,ap168,1198.70751953,stress
6590,M,rh,126.0,epi,hippocampus,unsmoothed,ap168,665.461547852,stress
6591,M,bilat,260.0,epi,hippocampus,unsmoothed,ap168,940.288330078,stress
6618,CR,lh,141.0,epi,hippocampus,unsmoothed,ap169,15.8270378113,stress
6619,CR,rh,121.0,epi,hippocampus,unsmoothed,ap169,-26.8762073517,stress
6620,CR,bilat,262.0,epi,hippocampus,unsmoothed,ap169,-3.89468884468,stress
6647,FA,lh,141.0,epi,hippocampus,unsmoothed,ap169,-25.6261844635,stress
6648,FA,rh,121.0,epi,hippocampus,unsmoothed,ap169,-267.305603027,stress
6649,FA,bilat,262.0,epi,hippocampus,unsmoothed,ap169,-137.241470337,stress
6676,sourcehit,lh,141.0,epi,hippocampus,unsmoothed,ap169,-149.599182129,stress
6677,sourcehit,rh,121.0,epi,hippocampus,unsmoothed,ap169,-200.730621338,stress
6678,sourcehit,bilat,262.0,epi,hippocampus,unsmoothed,ap169,-173.213317871,stress
6705,itemhit_lo,lh,141.0,epi,hippocampus,unsmoothed,ap169,808.229858398,stress
6706,itemhit_lo,rh,121.0,epi,hippocampus,unsmoothed,ap169,991.175415039,stress
6707,itemhit_lo,bilat,262.0,epi,hippocampus,unsmoothed,ap169,892.719970703,stress
6734,sourcemiss_hi,lh,141.0,epi,hippocampus,unsmoothed,ap169,-221.602142334,stress
6735,sourcemiss_hi,rh,121.0,epi,hippocampus,unsmoothed,ap169,-49.679485321,stress
6736,sourcemiss_hi,bilat,262.0,epi,hippocampus,unsmoothed,ap169,-142.20274353,stress
6763,M,lh,141.0,epi,hippocampus,unsmoothed,ap169,101.419761658,stress
6764,M,rh,121.0,epi,hippocampus,unsmoothed,ap169,-8.09544658661,stress
6765,M,bilat,262.0,epi,hippocampus,unsmoothed,ap169,50.8421173096,stress
6792,CR,lh,128.0,epi,hippocampus,unsmoothed,ap170,-317.577636719,stress
6793,CR,rh,122.0,epi,hippocampus,unsmoothed,ap170,-448.960449219,stress
6794,CR,bilat,250.0,epi,hippocampus,unsmoothed,ap170,-381.692443848,stress
6821,FA,lh,128.0,epi,hippocampus,unsmoothed,ap170,-351.814880371,stress
6822,FA,rh,122.0,epi,hippocampus,unsmoothed,ap170,-408.928649902,stress
6823,FA,bilat,250.0,epi,hippocampus,unsmoothed,ap170,-379.686401367,stress
6850,sourcehit,lh,128.0,epi,hippocampus,unsmoothed,ap170,122.350906372,stress
6851,sourcehit,rh,122.0,epi,hippocampus,unsmoothed,ap170,-135.921218872,stress
6852,sourcehit,bilat,250.0,epi,hippocampus,unsmoothed,ap170,-3.68588471413,stress
6879,itemhit_lo,lh,128.0,epi,hippocampus,unsmoothed,ap170,-292.885131836,stress
6880,itemhit_lo,rh,122.0,epi,hippocampus,unsmoothed,ap170,-320.860748291,stress
6881,itemhit_lo,bilat,250.0,epi,hippocampus,unsmoothed,ap170,-306.537261963,stress
6908,sourcemiss_hi,lh,128.0,epi,hippocampus,unsmoothed,ap170,100.299682617,stress
6909,sourcemiss_hi,rh,122.0,epi,hippocampus,unsmoothed,ap170,-50.130695343,stress
6910,sourcemiss_hi,bilat,250.0,epi,hippocampus,unsmoothed,ap170,26.8896636963,stress
6937,M,lh,128.0,epi,hippocampus,unsmoothed,ap170,-507.449798584,stress
6938,M,rh,122.0,epi,hippocampus,unsmoothed,ap170,-519.36541748,stress
6939,M,bilat,250.0,epi,hippocampus,unsmoothed,ap170,-513.264648438,stress
6966,CR,lh,136.0,epi,hippocampus,unsmoothed,ap171,113.72467041,stress
6967,CR,rh,133.0,epi,hippocampus,unsmoothed,ap171,-27.4355983734,stress
6968,CR,bilat,269.0,epi,hippocampus,unsmoothed,ap171,43.9316558838,stress
6995,FA,lh,136.0,epi,hippocampus,unsmoothed,ap171,51.2390556335,stress
6996,FA,rh,133.0,epi,hippocampus,unsmoothed,ap171,-50.7558288574,stress
6997,FA,bilat,269.0,epi,hippocampus,unsmoothed,ap171,0.81035810709,stress
7024,sourcehit,lh,136.0,epi,hippocampus,unsmoothed,ap171,476.893554688,stress
7025,sourcehit,rh,133.0,epi,hippocampus,unsmoothed,ap171,241.342163086,stress
7026,sourcehit,bilat,269.0,epi,hippocampus,unsmoothed,ap171,360.431274414,stress
7053,itemhit_lo,lh,136.0,epi,hippocampus,unsmoothed,ap171,241.213317871,stress
7054,itemhit_lo,rh,133.0,epi,hippocampus,unsmoothed,ap171,68.199508667,stress
7055,itemhit_lo,bilat,269.0,epi,hippocampus,unsmoothed,ap171,155.671173096,stress
7082,sourcemiss_hi,lh,136.0,epi,hippocampus,unsmoothed,ap171,294.368774414,stress
7083,sourcemiss_hi,rh,133.0,epi,hippocampus,unsmoothed,ap171,124.736976624,stress
7084,sourcemiss_hi,bilat,269.0,epi,hippocampus,unsmoothed,ap171,210.498779297,stress
7111,M,lh,136.0,epi,hippocampus,unsmoothed,ap171,-59.3918876648,stress
7112,M,rh,133.0,epi,hippocampus,unsmoothed,ap171,-262.265716553,stress
7113,M,bilat,269.0,epi,hippocampus,unsmoothed,ap171,-159.697540283,stress
7140,CR,lh,126.0,epi,hippocampus,unsmoothed,ap172,-298.351104736,stress
7141,CR,rh,136.0,epi,hippocampus,unsmoothed,ap172,-304.369415283,stress
7142,CR,bilat,262.0,epi,hippocampus,unsmoothed,ap172,-301.475128174,stress
7169,FA,lh,126.0,epi,hippocampus,unsmoothed,ap172,-475.593048096,stress
7170,FA,rh,136.0,epi,hippocampus,unsmoothed,ap172,-486.300079346,stress
7171,FA,bilat,262.0,epi,hippocampus,unsmoothed,ap172,-481.150878906,stress
7198,sourcehit,lh,126.0,epi,hippocampus,unsmoothed,ap172,-238.168060303,stress
7199,sourcehit,rh,136.0,epi,hippocampus,unsmoothed,ap172,-209.954589844,stress
7200,sourcehit,bilat,262.0,epi,hippocampus,unsmoothed,ap172,-223.522918701,stress
7227,itemhit_lo,lh,126.0,epi,hippocampus,unsmoothed,ap172,-355.155670166,stress
7228,itemhit_lo,rh,136.0,epi,hippocampus,unsmoothed,ap172,-391.758300781,stress
7229,itemhit_lo,bilat,262.0,epi,hippocampus,unsmoothed,ap172,-374.155487061,stress
7256,sourcemiss_hi,lh,126.0,epi,hippocampus,unsmoothed,ap172,-617.723388672,stress
7257,sourcemiss_hi,rh,136.0,epi,hippocampus,unsmoothed,ap172,-797.395385742,stress
7258,sourcemiss_hi,bilat,262.0,epi,hippocampus,unsmoothed,ap172,-710.98828125,stress
7285,M,lh,126.0,epi,hippocampus,unsmoothed,ap172,-540.853759766,stress
7286,M,rh,136.0,epi,hippocampus,unsmoothed,ap172,-557.764770508,stress
7287,M,bilat,262.0,epi,hippocampus,unsmoothed,ap172,-549.631896973,stress
7314,CR,lh,148.0,epi,hippocampus,unsmoothed,ap173,292.668701172,stress
7315,CR,rh,130.0,epi,hippocampus,unsmoothed,ap173,74.5073928833,stress
7316,CR,bilat,278.0,epi,hippocampus,unsmoothed,ap173,190.65083313,stress
7343,FA,lh,148.0,epi,hippocampus,unsmoothed,ap173,68.5084686279,stress
7344,FA,rh,130.0,epi,hippocampus,unsmoothed,ap173,221.781616211,stress
7345,FA,bilat,278.0,epi,hippocampus,unsmoothed,ap173,140.182952881,stress
7372,sourcehit,lh,148.0,epi,hippocampus,unsmoothed,ap173,832.649047852,stress
7373,sourcehit,rh,130.0,epi,hippocampus,unsmoothed,ap173,1053.78271484,stress
7374,sourcehit,bilat,278.0,epi,hippocampus,unsmoothed,ap173,936.05682373,stress
7401,itemhit_lo,lh,148.0,epi,hippocampus,unsmoothed,ap173,95.7018432617,stress
7402,itemhit_lo,rh,130.0,epi,hippocampus,unsmoothed,ap173,-10.2560062408,stress
7403,itemhit_lo,bilat,278.0,epi,hippocampus,unsmoothed,ap173,46.153213501,stress
7430,sourcemiss_hi,lh,148.0,epi,hippocampus,unsmoothed,ap173,122.650062561,stress
7431,sourcemiss_hi,rh,130.0,epi,hippocampus,unsmoothed,ap173,282.262908936,stress
7432,sourcemiss_hi,bilat,278.0,epi,hippocampus,unsmoothed,ap173,197.289169312,stress
7459,M,lh,148.0,epi,hippocampus,unsmoothed,ap173,295.2315979,stress
7460,M,rh,130.0,epi,hippocampus,unsmoothed,ap173,144.737442017,stress
7461,M,bilat,278.0,epi,hippocampus,unsmoothed,ap173,224.856643677,stress
7488,CR,lh,138.0,epi,hippocampus,unsmoothed,ap174,207.625274658,stress
7489,CR,rh,121.0,epi,hippocampus,unsmoothed,ap174,166.729476929,stress
7490,CR,bilat,259.0,epi,hippocampus,unsmoothed,ap174,188.519515991,stress
7517,FA,lh,138.0,epi,hippocampus,unsmoothed,ap174,70.5157928467,stress
7518,FA,rh,121.0,epi,hippocampus,unsmoothed,ap174,-45.3746185303,stress
7519,FA,bilat,259.0,epi,hippocampus,unsmoothed,ap174,16.3739376068,stress
7546,sourcehit,lh,138.0,epi,hippocampus,unsmoothed,ap174,536.767333984,stress
7547,sourcehit,rh,121.0,epi,hippocampus,unsmoothed,ap174,326.744262695,stress
7548,sourcehit,bilat,259.0,epi,hippocampus,unsmoothed,ap174,438.648406982,stress
7575,itemhit_lo,lh,138.0,epi,hippocampus,unsmoothed,ap174,-247.294723511,stress
7576,itemhit_lo,rh,121.0,epi,hippocampus,unsmoothed,ap174,-267.99508667,stress
7577,itemhit_lo,bilat,259.0,epi,hippocampus,unsmoothed,ap174,-256.965545654,stress
7604,sourcemiss_hi,lh,138.0,epi,hippocampus,unsmoothed,ap174,433.18927002,stress
7605,sourcemiss_hi,rh,121.0,epi,hippocampus,unsmoothed,ap174,458.934143066,stress
7606,sourcemiss_hi,bilat,259.0,epi,hippocampus,unsmoothed,ap174,445.216796875,stress
7633,M,lh,138.0,epi,hippocampus,unsmoothed,ap174,279.155181885,stress
7634,M,rh,121.0,epi,hippocampus,unsmoothed,ap174,103.070274353,stress
7635,M,bilat,259.0,epi,hippocampus,unsmoothed,ap174,196.891525269,stress
