index,run,trial,onset,duration,cond,repType,repCount,word,pic,resp,respRT,ISIresp,ISIrespRT
1,1,1,10.0041,1.9980,WI,4,1,MAGICIAN,living_room,R,1.2794,NR,3.0000
2,1,2,22.0636,-10.0608,WO,2,1,CHOCOLATE,islet,R,1.0436,NR,3.0000
3,1,3,34.1201,-22.1185,WO,2,1,MAP,general_store,R,1.0215,NR,3.0000
4,1,4,46.1762,-34.1750,WI,4,1,DRUG,orchestra_pit,UR,2.1565,NR,3.0000
5,1,5,58.2319,-46.2304,WI,2,1,OMELET,library,UR,1.9527,NR,3.0000
6,1,6,70.2882,-58.2875,WO,4,1,SHARK,canal,R,2.0354,NR,3.0000
7,1,7,82.3438,-70.3431,WO,4,1,LIGHTNING,pavilion,R,1.8649,NR,3.0000
8,1,8,94.3996,-82.3981,WO,2,1,WRENCH,greenhouse,R,1.2137,NR,3.0000
9,1,9,106.4554,-94.4545,WI,2,1,ELEPHANT,fastfood_restaurant,R,1.8305,NR,3.0000
10,1,10,118.5110,-106.5102,WI,2,1,TEETH,catacomb,UR,2.7463,NR,3.0000
11,1,11,130.5669,-118.5650,WI,4,1,BUCKET,ice_cream_parlor,R,1.3828,NR,3.0000
12,1,12,142.6239,-130.6221,WO,4,1,ARROW,hot_spring,R,1.3468,NR,3.0000
13,1,13,154.6812,-142.6797,WI,2,1,CAGE,television_studio,R,2.4810,NR,3.0000
14,1,14,166.7374,-154.7355,WI,4,1,SUBMARINE,boxing_ring,UR,2.2397,NR,3.0000
15,1,15,178.7939,-166.7923,WI,2,1,MUSSEL,toyshop,UR,2.6616,NR,3.0000
16,1,16,190.8502,-178.8490,WO,4,2,ARROW,hot_spring,R,1.3287,NR,3.0000
17,1,17,202.9062,-190.9044,WO,4,1,GORILLA,butte,UR,2.2694,NR,3.0000
18,1,18,214.9633,-202.9611,WI,4,2,BUCKET,ice_cream_parlor,R,0.9221,NR,3.0000
19,1,19,227.0201,-215.0188,WO,2,1,CORAL,beach,R,1.0468,NR,3.0000
20,1,20,239.0764,-227.0751,WI,2,1,WHEAT,aquarium,UR,1.3894,NR,3.0000
21,1,21,251.1329,-239.1315,WI,4,1,OTTER,bowling_alley,R,1.9665,NR,3.0000
22,1,22,263.1892,-251.1874,WO,2,1,SPONGE,motel,R,1.4830,NR,3.0000
23,1,23,275.2464,-263.2442,WI,4,1,CLARINET,assembly_line,UR,2.2429,NR,3.0000
24,1,24,287.3035,-275.3022,WO,4,1,FAN,landing_deck,R,1.1842,NR,3.0000
25,1,25,299.3597,-287.3587,WO,4,1,BEAVER,oil_refinery,UR,1.8110,NR,3.0000
26,1,26,311.4161,-299.4139,WI,4,2,CLARINET,assembly_line,UR,2.9430,NR,3.0000
27,1,27,323.4729,-311.4708,WI,4,2,DRUG,orchestra_pit,R,1.7210,NR,3.0000
28,1,28,335.5303,-323.5278,WO,2,1,UMBRELLA,basketball_court,R,2.1989,NR,3.0000
29,1,29,347.5875,-335.5864,WO,4,2,BEAVER,oil_refinery,R,1.0037,NR,3.0000
30,1,30,359.6435,-347.6426,WO,2,1,DAMSEL,corn_field,R,1.6086,NR,3.0000
31,1,31,371.6992,-359.6978,WI,2,1,TWEEZERS,bakery,R,1.3794,NR,3.0000
32,1,32,383.7556,-371.7544,WO,4,1,SCAB,construction_site,UR,1.6018,NR,3.0000
33,1,33,395.8122,-383.8106,WO,4,2,SCAB,construction_site,R,0.8943,NR,3.0000
34,1,34,407.8692,-395.8680,WI,4,1,SCREWDRIVER,music_studio,R,1.5202,NR,3.0000
35,1,35,419.9259,-407.9237,WO,4,2,LIGHTNING,pavilion,R,0.8307,NR,3.0000
36,1,36,431.9834,-419.9817,WI,4,2,SCREWDRIVER,music_studio,R,1.0580,NR,3.0000
37,1,37,444.0399,-432.0376,WI,4,2,OTTER,bowling_alley,R,1.0678,NR,3.0000
38,1,38,456.0976,-444.0963,WO,4,2,FAN,landing_deck,R,1.2185,NR,3.0000
39,1,39,468.1539,-456.1527,WI,4,2,MAGICIAN,living_room,R,1.1396,NR,3.0000
40,1,40,480.2104,-468.2091,WI,4,2,SUBMARINE,boxing_ring,NR,999.0000,NR,3.0000
41,1,41,492.2665,-480.2656,WO,4,2,GORILLA,butte,R,1.8183,NR,3.0000
42,1,42,504.3224,-492.3212,WO,4,2,SHARK,canal,R,0.9795,NR,3.0000
43,2,19,10.0016,1.9992,WO,4,1,SQUIRREL,crevasse,R,1.5177,NR,3.0000
44,2,20,22.0685,-10.0667,WO,4,1,SHOVEL,oilrig,R,1.7257,NR,3.0000
45,2,21,34.1353,-22.1339,WI,4,1,PAN,restaurant,R,2.3392,NR,3.0000
46,2,22,46.2015,-34.2000,WI,4,1,NEST,bar,UR,2.2177,NR,3.0000
47,2,23,58.2681,-46.2665,WI,2,1,RIFLE,drugstore,R,1.7044,NR,3.0000
48,2,24,70.3346,-58.3328,WO,2,1,ACCORDIAN,corral,R,1.1773,NR,3.0000
49,2,25,82.4014,-70.3982,WO,2,1,HOSE,excavation,R,1.4816,NR,3.0000
50,2,26,94.4698,-82.4680,WO,4,2,SHOVEL,oilrig,R,1.4180,NR,3.0000
51,2,27,106.5363,-94.5346,WI,4,2,NEST,bar,R,1.2737,NR,3.0000
52,2,28,118.6032,-106.6022,WO,2,1,LAMP,botanical_garden,UR,1.8887,NR,3.0000
53,2,29,130.6689,-118.6671,WO,4,1,PENCIL,bayou,R,1.9735,NR,3.0000
54,2,30,142.7355,-130.7339,WI,4,1,SARDINE,parlor,R,2.6128,NR,3.0000
55,2,31,154.8024,-142.8008,WO,4,1,EYE,hill,UR,2.9205,NR,3.0000
56,2,32,166.8690,-154.8678,WI,4,1,CAMERA,jewelry_shop,R,1.6346,NR,3.0000
57,2,33,178.9352,-166.9329,WO,4,1,BROWNIE,field_wild,R,1.7326,NR,3.0000
58,2,34,191.0024,-179.0013,WI,2,1,BRACELET,train_station,R,1.9905,NR,3.0000
59,2,35,203.0686,-191.0671,WO,2,1,GARBAGE,boardwalk,R,2.4947,NR,3.0000
60,2,36,215.1352,-203.1344,WI,4,1,EAGLE,kitchen,R,1.7982,NR,3.0000
61,2,37,227.2009,-215.1986,WI,4,2,SARDINE,parlor,R,0.9064,NR,3.0000
62,2,38,239.2685,-227.2673,WI,2,1,TRIBE,badminton_court,R,2.4896,NR,3.0000
63,2,39,251.3348,-239.3330,WO,4,2,SQUIRREL,crevasse,R,1.6246,NR,3.0000
64,2,40,263.4013,-251.3987,WI,2,1,OATMEAL,kindergarden_classroom,R,2.3970,NR,3.0000
65,2,41,275.4694,-263.4678,WO,4,2,PENCIL,bayou,R,0.9682,NR,3.0000
66,2,42,287.5365,-275.5357,WO,4,2,BROWNIE,field_wild,R,1.0013,NR,3.0000
67,2,43,299.6029,-287.6011,WO,2,1,JUGGLER,beach,UR,2.1757,NR,3.0000
68,2,44,311.6700,-299.6679,WI,2,1,NECKLACE,bus_interior,R,1.4192,NR,3.0000
69,2,45,323.7372,-311.7354,WI,4,1,PASTE,airplane_cabin,UR,2.2429,NR,3.0000
70,2,46,335.8050,-323.8039,WO,4,1,SHOWER,crosswalk,UR,2.3988,NR,3.0000
71,2,47,347.8713,-335.8697,WI,4,1,RAKE,burial_chamber,NR,999.0000,R,3.1019
72,2,48,359.9384,-347.9369,WO,4,1,SEAWEED,forest_path,R,1.7833,NR,3.0000
73,2,49,372.0052,-360.0032,WI,4,2,PAN,restaurant,R,0.9550,NR,3.0000
74,2,50,384.0721,-372.0691,WI,4,2,RAKE,burial_chamber,R,1.0203,NR,3.0000
75,2,51,396.1405,-384.1397,WO,4,2,EYE,hill,UR,2.0620,NR,3.0000
76,2,52,408.2066,-396.2042,WO,2,1,HAWK,picnic_area,UR,1.8956,NR,3.0000
77,2,53,420.2738,-408.2707,WI,2,1,TROPHY,lobby,R,1.9934,NR,3.0000
78,2,54,432.3418,-420.3406,WO,4,2,SHOWER,crosswalk,R,1.1730,NR,3.0000
79,2,55,444.4081,-432.4064,WI,4,2,EAGLE,kitchen,R,1.1598,NR,3.0000
80,2,56,456.4748,-444.4739,WO,2,1,TOAST,rock_arch,R,2.9530,NR,3.0000
81,2,57,468.5408,-456.5384,WO,4,2,SEAWEED,forest_path,R,1.7458,NR,3.0000
82,2,58,480.6086,-468.6071,WI,4,2,CAMERA,jewelry_shop,R,2.8254,NR,3.0000
83,2,59,492.6767,-480.6757,WI,4,2,PASTE,airplane_cabin,UR,1.8780,NR,3.0000
84,2,60,504.7440,-492.7421,WI,2,1,SOOT,kitchenette,R,2.4868,NR,3.0000
85,3,37,149.9291,-137.9265,WI,2,1,PASSPORT,playroom,UR,2.7106,NR,3.0000
86,3,38,162.0078,-150.0056,WI,4,1,BANDIT,chicken_coop,R,2.8582,R,3.0469
87,3,39,174.0848,-162.0823,WO,4,1,PUMPKIN,marsh,UR,1.4952,NR,3.0000
88,3,40,186.1612,-174.1593,WI,4,1,ROSE,game_room,R,1.7142,NR,3.0000
89,3,41,198.2378,-186.2362,WI,4,1,RICE,amusement_arcade,UR,1.7108,NR,3.0000
90,3,42,210.3137,-198.3129,WO,2,1,THONG,desert,R,1.3209,NR,3.0000
91,3,43,222.3892,-210.3874,WI,2,1,ICICLE,reception,UR,1.8598,NR,3.0000
92,3,44,234.4661,-222.4650,WO,4,1,SCORPION,creek,R,1.9027,NR,3.0000
93,3,45,246.5412,-234.5396,WO,4,1,MEDAL,pond,UR,1.9573,NR,3.0000
94,3,46,258.6178,-246.6169,WI,2,1,BASKET,theater,UR,1.9738,NR,3.0000
95,3,47,270.6931,-258.6914,WI,4,1,POTATO,hospital_room,R,1.7346,NR,3.0000
96,3,48,282.7696,-270.7675,WO,4,2,MEDAL,pond,NR,999.0000,UR,3.1070
97,3,49,294.8463,-282.8450,WI,4,1,CANDLE,stable,R,1.0881,NR,3.0000
98,3,50,306.9220,-294.9198,WO,4,1,VELVET,amusement_park,R,2.1723,NR,3.0000
99,3,51,318.9984,-306.9971,WO,2,1,KALE,river,R,2.7043,NR,3.0000
100,3,52,331.0740,-319.0725,WI,4,2,ROSE,game_room,NR,999.0000,NR,3.0000
101,3,53,343.1504,-331.1496,WO,4,2,PUMPKIN,marsh,R,1.6673,NR,3.0000
102,3,54,355.2257,-343.2246,WI,4,1,QUILT,cafeteria,UR,1.5284,NR,3.0000
103,3,55,367.3011,-355.3003,WI,4,1,CRAB,biology_laboratory,R,1.9517,NR,3.0000
104,3,56,379.3778,-367.3768,WO,4,1,WITCH,inn,R,1.2706,NR,3.0000
105,3,57,391.4530,-379.4523,WI,2,1,MILK,supermarket,R,1.4229,NR,3.0000
106,3,58,403.5286,-391.5273,WO,4,1,ROSARY,gazebo,R,2.6332,NR,3.0000
107,3,59,415.6043,-403.6036,WI,4,2,QUILT,cafeteria,UR,1.0717,NR,3.0000
108,3,60,427.6798,-415.6788,WO,4,1,BRAIN,boat_deck,UR,1.4431,NR,3.0000
109,3,61,439.7559,-427.7548,WO,4,2,BRAIN,boat_deck,UR,1.7827,NR,3.0000
110,3,62,451.8312,-439.8292,WI,2,1,TABLE,computer_room,R,1.3455,NR,3.0000
111,3,63,463.9084,-451.9064,WO,2,1,HATCHET,putting_green,R,2.3339,NR,3.0000
112,3,64,475.9847,-463.9823,WO,2,1,MUFFIN,cottage_garden,NR,999.0000,NR,3.0000
113,3,65,488.0613,-476.0601,WO,2,1,BAYONET,playground,R,1.5245,NR,3.0000
114,3,66,500.1374,-488.1365,WI,2,1,MONKEY,restaurant_kitchen,R,1.6278,NR,3.0000
115,3,67,512.2126,-500.2116,WI,4,2,POTATO,hospital_room,R,2.6610,NR,3.0000
116,3,68,524.2882,-512.2860,WO,4,2,ROSARY,gazebo,R,1.0928,NR,3.0000
117,3,69,536.3648,-524.3617,WO,4,2,SCORPION,creek,R,1.0286,NR,3.0000
118,3,70,548.4424,-536.4406,WI,4,2,CANDLE,stable,R,0.9234,NR,3.0000
119,3,71,560.5193,-548.5179,WI,4,2,RICE,amusement_arcade,UR,1.3585,NR,3.0000
120,3,72,572.5951,-560.5929,WI,2,1,STORK,engine_room,R,0.8799,NR,3.0000
121,3,73,584.6723,-572.6702,WO,4,2,WITCH,inn,R,1.0791,NR,3.0000
122,3,74,596.7492,-584.7468,WO,4,2,VELVET,amusement_park,R,2.1154,UR,8.6156
123,3,75,608.8259,-596.8249,WI,4,2,CRAB,biology_laboratory,R,2.2097,NR,3.0000
124,3,76,620.9015,-608.9004,WO,2,1,STOMACH,cabin,R,1.7595,NR,3.0000
125,3,77,632.9768,-620.9759,WI,4,2,BANDIT,chicken_coop,R,1.0741,NR,3.0000
126,3,78,645.0528,-633.0513,WO,2,1,CROWN,palace,R,1.2534,NR,3.0000
127,4,55,10.0021,1.9999,WO,4,1,PEDAL,raceway,R,1.3053,NR,3.0000
128,4,56,22.0616,-10.0585,WO,4,1,QUAIL,outhouse,UR,1.6623,NR,3.0000
129,4,57,34.1200,-22.1180,WI,2,1,DOLL,childs_room,R,1.3005,NR,3.0000
130,4,58,46.1777,-34.1758,WO,4,1,QUILL,kasbah,UR,1.6896,NR,3.0000
131,4,59,58.2356,-46.2334,WI,4,1,ANT,escalator,UR,1.7196,NR,3.0000
132,4,60,70.2934,-58.2920,WI,4,1,BOWL,locker_room,R,1.4696,NR,3.0000
133,4,61,82.3510,-70.3501,WO,4,1,TYPEWRITER,basilica,UR,1.8134,NR,3.0000
134,4,62,94.4078,-82.4063,WI,4,2,ANT,escalator,UR,1.6357,NR,3.0000
135,4,63,106.4652,-94.4640,WI,4,1,KNIFE,museum,R,1.7374,NR,3.0000
136,4,64,118.5221,-106.5213,WO,4,2,TYPEWRITER,basilica,UR,1.2737,NR,3.0000
137,4,65,130.5787,-118.5759,WI,4,1,WINE,dorm_room,R,2.1355,NR,3.0000
138,4,66,142.6376,-130.6367,WI,2,1,MOON,butchers_shop,UR,1.3470,NR,3.0000
139,4,67,154.6944,-142.6936,WO,4,1,TOWEL,canyon,R,1.6252,NR,3.0000
140,4,68,166.7509,-154.7497,WI,4,2,WINE,dorm_room,R,1.0779,NR,3.0000
141,4,69,178.8082,-166.8063,WI,4,2,KNIFE,museum,R,1.0321,NR,3.0000
142,4,70,190.8661,-178.8653,WO,4,2,QUAIL,outhouse,UR,2.8988,NR,3.0000
143,4,71,202.9230,-190.9206,WO,4,2,QUILL,kasbah,UR,1.0038,NR,3.0000
144,4,72,214.9811,-202.9795,WI,2,1,CEREAL,clothing_store,UR,1.4129,NR,3.0000
145,4,73,227.0384,-215.0367,WI,2,1,FENCE,office,R,2.0768,NR,3.0000
146,4,74,239.0965,-227.0956,WI,4,2,BOWL,locker_room,R,0.9530,NR,3.0000
147,4,75,251.1531,-239.1522,WO,2,1,GLOBE,patio,UR,1.8036,NR,3.0000
148,4,76,263.2102,-251.2093,WO,2,1,SCOTCH,gas_station,UR,1.7091,NR,3.0000
149,4,77,275.2669,-263.2659,WO,2,1,NOODLE,barn,R,1.5073,NR,3.0000
150,4,78,287.3238,-275.3220,WI,4,1,ORNAMENT,throne_room,R,1.0551,NR,3.0000
151,4,79,299.3817,-287.3802,WO,4,1,DOUGHNUT,lido_deck,R,2.5801,NR,3.0000
152,4,80,311.4390,-299.4379,WI,2,1,BANDAGE,beauty_salon,UR,2.7116,NR,3.0000
153,4,81,323.4964,-311.4948,WI,2,1,BABY,squash_court,R,1.8125,NR,3.0000
154,4,82,335.5538,-323.5522,WO,2,1,TRAY,office_building,UR,1.9082,NR,3.0000
155,4,83,347.6113,-335.6091,WO,4,2,DOUGHNUT,lido_deck,R,1.5335,NR,3.0000
156,4,84,359.6700,-347.6679,WO,4,2,PEDAL,raceway,R,1.8033,UR,5.4627
157,4,85,371.7279,-359.7258,WI,4,1,BALLOON,hotel_room,R,2.0677,NR,3.0000
158,4,86,383.7865,-371.7848,WI,2,1,LETTUCE,ice_skating_rink,UR,1.4498,NR,3.0000
159,4,87,395.8439,-383.8429,WO,4,1,HAM,amphitheater,R,2.2155,NR,3.0000
160,4,88,407.9009,-395.8989,WI,4,2,BALLOON,hotel_room,R,1.1162,NR,3.0000
161,4,89,419.9591,-407.9584,WI,4,1,CARROT,art_gallery,UR,1.7332,NR,3.0000
162,4,90,432.0158,-420.0138,WO,4,2,HAM,amphitheater,R,0.9705,NR,3.0000
163,4,91,444.0744,-432.0734,WI,4,2,CARROT,art_gallery,R,1.6825,NR,3.0000
164,4,92,456.1310,-444.1294,WO,2,1,LION,ruin,UR,2.3244,NR,3.0000
165,4,93,468.1884,-456.1866,WI,4,2,ORNAMENT,throne_room,R,0.9188,NR,3.0000
166,4,94,480.2460,-468.2445,WO,2,1,POSTER,cliff,UR,1.6975,NR,3.0000
167,4,95,492.3035,-480.3024,WO,2,1,COFFEE,nuclear_power_plant,UR,2.0100,NR,3.0000
168,4,96,504.3611,-492.3592,WO,4,2,TOWEL,canyon,R,0.9691,NR,3.0000
169,5,73,10.0020,2.0002,WO,2,1,RASH,fire_escape,R,1.7270,NR,3.0000
170,5,74,22.0645,-10.0633,WI,4,1,BELL,sauna,R,1.7906,NR,3.0000
171,5,75,34.1245,-22.1213,WO,4,1,SWORD,pagoda,R,1.5948,NR,3.0000
172,5,76,46.1860,-34.1846,WI,4,1,PEARL,florist_shop,UR,1.4924,NR,3.0000
173,5,77,58.2458,-46.2445,WI,2,1,PUDDLE,bazaar,UR,1.4593,NR,3.0000
174,5,78,70.3062,-58.3044,WI,2,1,RING,control_room,UR,2.0708,NR,3.0000
175,5,79,82.3662,-70.3650,WO,4,1,BARREL,hot_tub,R,1.1067,NR,3.0000
176,5,80,94.4263,-82.4255,WO,4,1,ANCHOR,hayfield,R,1.6782,NR,3.0000
177,5,81,106.4854,-94.4841,WI,4,1,SHEEP,pulpit,UR,1.5165,NR,3.0000
178,5,82,118.5451,-106.5440,WO,4,1,WHIP,ocean,R,1.4326,NR,3.0000
179,5,83,130.6050,-118.6037,WO,4,1,DIAMOND,house,R,1.8540,NR,3.0000
180,5,84,142.6647,-130.6627,WO,4,1,RABBIT,lighthouse,R,1.7374,NR,3.0000
181,5,85,154.7258,-142.7241,WI,4,1,DESK,diner,R,1.2421,NR,3.0000
182,5,86,166.7859,-154.7841,WO,2,1,CLOAK,ice_shelf,UR,2.8506,NR,3.0000
183,5,87,178.8463,-166.8442,WI,4,2,PEARL,florist_shop,UR,1.5079,NR,3.0000
184,5,88,190.9072,-178.9062,WO,4,2,SWORD,pagoda,R,0.9925,NR,3.0000
185,5,89,202.9667,-190.9660,WI,4,1,SCROLL,volleyball_court,UR,1.4061,NR,3.0000
186,5,90,215.0262,-203.0240,WI,4,2,SCROLL,volleyball_court,UR,0.9218,NR,3.0000
187,5,91,227.0868,-215.0858,WO,4,2,BARREL,hot_tub,R,1.1069,NR,3.0000
188,5,92,239.1463,-227.1444,WI,4,1,CHERRY,home_office,NR,999.0000,R,3.1325
189,5,93,251.2072,-239.2057,WI,2,1,FOX,basement,UR,1.8269,NR,3.0000
190,5,94,263.2671,-251.2656,WO,2,1,BLANKET,moat,NR,999.0000,NR,3.0000
191,5,95,275.3275,-263.3266,WI,2,1,GLOVE,riding_arena,R,1.5077,NR,3.0000
192,5,96,287.3868,-275.3860,WO,4,2,ANCHOR,hayfield,R,1.1108,NR,3.0000
193,5,97,299.4460,-287.4427,WO,4,2,DIAMOND,house,R,0.9183,NR,3.0000
194,5,98,311.5077,-299.5059,WI,4,2,DESK,diner,R,1.0126,NR,3.0000
195,5,99,323.5681,-311.5658,WI,4,2,CHERRY,home_office,R,1.2778,NR,3.0000
196,5,100,335.6293,-323.6278,WO,4,2,RABBIT,lighthouse,R,0.8772,NR,3.0000
197,5,101,347.6892,-335.6867,WI,2,1,SAIL,dining_room,UR,1.4827,NR,3.0000
198,5,102,359.7515,-347.7505,WO,2,1,PIANO,castle,R,1.4718,NR,3.0000
199,5,103,371.8115,-359.8098,WI,4,1,SANDAL,music_store,NR,999.0000,NR,3.0000
200,5,104,383.8719,-371.8698,WO,2,1,SPATULA,forest_needleleaf,R,1.5583,NR,3.0000
201,5,105,395.9331,-383.9321,WI,4,2,BELL,sauna,R,1.0582,NR,3.0000
202,5,106,407.9938,-395.9920,WO,2,1,BANANA,orchard,R,1.0454,NR,3.0000
203,5,107,420.0545,-408.0535,WI,2,1,STOOL,brewery,R,1.3955,NR,3.0000
204,5,108,432.1148,-420.1116,WO,4,1,BOOT,pasture,R,1.8484,NR,3.0000
205,5,109,444.1766,-432.1757,WO,4,2,WHIP,ocean,R,1.0724,NR,3.0000
206,5,110,456.2370,-444.2361,WI,4,2,SHEEP,pulpit,UR,1.1855,NR,3.0000
207,5,111,468.2966,-456.2947,WI,4,2,SANDAL,music_store,R,1.3080,NR,3.0000
208,5,112,480.3572,-468.3558,WI,2,1,CHEESE,auto_factory,R,1.7045,NR,3.0000
209,5,113,492.4174,-480.4157,WO,2,1,RACQUET,aqueduct,UR,1.5807,NR,3.0000
210,5,114,504.4777,-492.4762,WO,4,2,BOOT,pasture,R,1.0547,NR,3.0000
211,6,91,10.0023,1.9988,WO,4,1,SLIPPER,badlands,R,1.8664,NR,3.0000
212,6,92,22.0657,-10.0636,WI,4,1,LANTERN,ball_pit,UR,1.3702,NR,3.0000
213,6,93,34.1276,-22.1266,WO,4,1,HIGHWAY,bridge,R,1.4058,NR,3.0000
214,6,94,46.1884,-34.1870,WI,4,1,SADDLE,nursery,UR,1.5060,NR,3.0000
215,6,95,58.2492,-46.2485,WI,4,1,OYSTER,car_interior,UR,1.5147,NR,3.0000
216,6,96,70.3105,-58.3097,WO,2,1,APPLE,garbage_dump,R,1.7203,NR,3.0000
217,6,97,82.3714,-70.3707,WO,4,1,PANTS,mountain_snowy,R,1.4744,NR,3.0000
218,6,98,94.4314,-82.4297,WO,4,2,PANTS,mountain_snowy,R,0.8436,NR,3.0000
219,6,99,106.4932,-94.4913,WI,4,1,CAMEL,movie_theater,R,1.9338,NR,3.0000
220,6,100,118.5547,-106.5523,WO,2,1,CANDY,manufactured_home,R,1.6758,NR,3.0000
221,6,101,130.6168,-118.6158,WO,2,1,PLUG,fountain,R,1.9800,NR,3.0000
222,6,102,142.6778,-130.6761,WO,4,1,ACROBAT,dock,R,2.6273,NR,3.0000
223,6,103,154.7392,-142.7362,WI,4,2,SADDLE,nursery,R,1.8475,NR,3.0000
224,6,104,166.8022,-154.8009,WO,4,1,SHRIMP,hangar,R,1.2173,NR,3.0000
225,6,105,178.8630,-166.8613,WI,4,1,MEDICINE,bistro,R,1.5915,NR,3.0000
226,6,106,190.9240,-178.9220,WI,4,1,HOOK,jacuzzi,R,1.8955,NR,3.0000
227,6,107,202.9860,-190.9850,WO,4,2,SLIPPER,badlands,R,1.1096,NR,3.0000
228,6,108,215.0464,-203.0457,WI,2,1,SCOOTER,art_studio,UR,1.6624,UR,5.7540
229,6,109,227.1071,-215.1064,WO,4,2,SHRIMP,hangar,R,0.8944,NR,3.0000
230,6,110,239.1674,-227.1666,WI,4,2,CAMEL,movie_theater,R,0.9255,NR,3.0000
231,6,111,251.2276,-239.2260,WO,2,1,CUCUMBER,mausoleum,R,2.0099,NR,3.0000
232,6,112,263.2899,-251.2889,WI,4,1,GEESE,parking_garage,R,2.0524,NR,3.0000
233,6,113,275.3504,-263.3472,WO,4,1,ROCKER,herb_garden,R,1.6152,NR,3.0000
234,6,114,287.4139,-275.4130,WI,2,1,CANNON,pantry,R,2.5879,NR,3.0000
235,6,115,299.4745,-287.4728,WI,2,1,STAPLER,stage,R,2.0749,NR,3.0000
236,6,116,311.5358,-299.5336,WO,4,2,HIGHWAY,bridge,R,0.7789,NR,3.0000
237,6,117,323.5981,-311.5958,WI,4,2,LANTERN,ball_pit,UR,1.0397,NR,3.0000
238,6,118,335.6598,-323.6584,WI,2,1,SNAIL,archive,R,1.6588,NR,3.0000
239,6,119,347.7212,-335.7195,WO,4,1,SOUP,athletic_field,R,1.2584,NR,3.0000
240,6,120,359.7825,-347.7806,WI,4,2,GEESE,parking_garage,R,1.8502,NR,3.0000
241,6,121,371.8442,-359.8431,WI,4,2,OYSTER,car_interior,UR,1.4721,NR,3.0000
242,6,122,383.9054,-371.9044,WO,4,2,ROCKER,herb_garden,R,2.3155,NR,3.0000
243,6,123,395.9662,-383.9641,WO,4,2,ACROBAT,dock,R,0.9782,NR,3.0000
244,6,124,408.0284,-396.0264,WO,2,1,MUSTARD,formal_garden,R,2.3643,NR,3.0000
245,6,125,420.0901,-408.0881,WI,2,1,TROLLEY,cockpit,NR,999.0000,NR,3.0000
246,6,126,432.1518,-420.1510,WI,2,1,HARPOON,cloister,R,2.1601,NR,3.0000
247,6,127,444.2122,-432.2103,WO,2,1,MOTH,field_cultivated,R,1.8211,NR,3.0000
248,6,128,456.2737,-444.2719,WI,2,1,WALRUS,     ,R,1.9956,NR,3.0000
249,6,129,468.3357,-456.3345,WO,2,1,VODKA,park,R,1.8711,NR,3.0000
250,6,130,480.3969,-468.3951,WI,4,2,HOOK,jacuzzi,R,1.1063,NR,3.0000
251,6,131,492.4584,-480.4576,WO,4,2,SOUP,athletic_field,R,0.7785,NR,3.0000
252,6,132,504.5196,-492.5176,WI,4,2,MEDICINE,bistro,R,1.0202,NR,3.0000
253,7,109,10.0020,2.0001,WO,4,3,SCAB,construction_site,R,1.2676,NR,3.0000
254,7,110,22.0665,-10.0655,WI,2,2,MUSSEL,toyshop,UR,1.7313,NR,3.0000
255,7,111,34.1287,-22.1276,WI,2,2,OMELET,library,UR,1.7318,NR,3.0000
256,7,112,46.1902,-34.1892,WO,4,3,GORILLA,butte,R,2.8731,NR,3.0000
257,7,113,58.2524,-46.2515,WI,4,3,OTTER,bowling_alley,R,1.4820,NR,3.0000
258,7,114,70.3139,-58.3127,WI,4,3,DRUG,orchestra_pit,R,1.0548,NR,3.0000
259,7,115,82.3768,-70.3744,WI,4,3,SCREWDRIVER,music_studio,R,1.4995,NR,3.0000
260,7,116,94.4400,-82.4385,WO,2,2,CHOCOLATE,islet,R,1.0446,NR,3.0000
261,7,117,106.5020,-94.5006,WO,4,4,GORILLA,butte,R,1.2504,NR,3.0000
262,7,118,118.5649,-106.5640,WI,4,3,BUCKET,ice_cream_parlor,R,1.3109,NR,3.0000
263,7,119,130.6263,-118.6252,WO,4,3,BEAVER,oil_refinery,R,1.6985,NR,3.0000
264,7,120,142.6881,-130.6852,WI,4,3,MAGICIAN,living_room,R,0.9490,NR,3.0000
265,7,121,154.7534,-142.7519,WI,4,4,DRUG,orchestra_pit,R,1.1599,NR,3.0000
266,7,122,166.8157,-154.8136,WO,2,2,MAP,general_store,R,1.3275,NR,3.0000
267,7,123,178.8789,-166.8778,WI,4,4,SCREWDRIVER,music_studio,R,1.0818,NR,3.0000
268,7,124,190.9408,-178.9390,WO,4,4,SCAB,construction_site,R,0.8820,NR,3.0000
269,7,125,203.0034,-191.0018,WO,4,3,LIGHTNING,pavilion,R,1.2994,NR,3.0000
270,7,126,215.0663,-203.0646,WO,4,4,BEAVER,oil_refinery,R,0.8980,NR,3.0000
271,7,127,227.1290,-215.1267,WI,4,4,BUCKET,ice_cream_parlor,R,1.3460,NR,3.0000
272,7,128,239.1924,-227.1917,WO,4,3,ARROW,hot_spring,R,1.2339,NR,3.0000
273,7,129,251.2552,-239.2535,WI,2,2,TEETH,catacomb,UR,1.4034,NR,3.0000
274,7,130,263.3189,-251.3170,WO,2,2,UMBRELLA,basketball_court,R,1.8393,NR,3.0000
275,7,131,275.3819,-263.3803,WO,4,4,LIGHTNING,pavilion,R,2.1115,NR,3.0000
276,7,132,287.4445,-275.4439,WO,2,2,CORAL,beach,R,0.9585,NR,3.0000
277,7,133,299.5078,-287.5058,WI,4,3,CLARINET,assembly_line,R,1.6054,NR,3.0000
278,7,134,311.5701,-299.5688,WI,2,2,TWEEZERS,bakery,R,1.5058,NR,3.0000
279,7,135,323.6320,-311.6302,WI,4,4,CLARINET,assembly_line,R,1.0961,NR,3.0000
280,7,136,335.6943,-323.6928,WO,2,2,SPONGE,motel,R,1.2830,NR,3.0000
281,7,137,347.7566,-335.7553,WO,4,4,ARROW,hot_spring,R,0.9278,NR,3.0000
282,7,138,359.8196,-347.8178,WI,4,3,SUBMARINE,boxing_ring,R,1.1939,NR,3.0000
283,7,139,371.8827,-359.8816,WI,4,4,OTTER,bowling_alley,R,1.1556,NR,3.0000
284,7,140,383.9447,-371.9426,WO,2,2,DAMSEL,corn_field,R,1.7674,NR,3.0000
285,7,141,396.0095,-384.0080,WO,4,3,SHARK,canal,R,1.2149,NR,3.0000
286,7,142,408.0721,-396.0700,WI,2,2,ELEPHANT,fastfood_restaurant,R,1.3165,NR,3.0000
287,7,143,420.1357,-408.1350,WI,2,2,CAGE,television_studio,R,2.0435,NR,3.0000
288,7,144,432.1970,-420.1958,WO,4,3,FAN,landing_deck,R,1.0567,NR,3.0000
289,7,145,444.2592,-432.2581,WI,4,4,MAGICIAN,living_room,R,1.0757,NR,3.0000
290,7,146,456.3217,-444.3197,WI,2,2,WHEAT,aquarium,UR,1.8584,NR,3.0000
291,7,147,468.3846,-456.3827,WI,4,4,SUBMARINE,boxing_ring,R,1.0765,NR,3.0000
292,7,148,480.4474,-468.4462,WO,2,2,WRENCH,greenhouse,R,1.2848,NR,3.0000
293,7,149,492.5095,-480.5074,WO,4,4,SHARK,canal,R,0.8311,NR,3.0000
294,7,150,504.5733,-492.5719,WO,4,4,FAN,landing_deck,R,0.9167,NR,3.0000
295,8,127,10.0046,1.9975,WO,4,3,EYE,hill,UR,1.3185,NR,3.0000
296,8,128,22.0659,-10.0648,WO,4,3,BROWNIE,field_wild,R,0.7132,NR,3.0000
297,8,129,34.1247,-22.1226,WI,4,3,PAN,restaurant,R,1.2324,NR,3.0000
298,8,130,46.1846,-34.1832,WO,4,3,SQUIRREL,crevasse,R,1.2856,NR,3.0000
299,8,131,58.2436,-46.2423,WI,2,2,TRIBE,badminton_court,R,1.0453,NR,3.0000
300,8,132,70.3024,-58.3003,WI,4,3,PASTE,airplane_cabin,UR,1.1158,NR,3.0000
301,8,133,82.3625,-70.3606,WI,4,3,SARDINE,parlor,R,1.1992,NR,3.0000
302,8,134,94.4219,-82.4207,WO,4,3,SEAWEED,forest_path,R,1.1567,NR,3.0000
303,8,135,106.4809,-94.4799,WI,2,2,OATMEAL,kindergarden_classroom,R,0.9711,NR,3.0000
304,8,136,118.5393,-106.5379,WI,4,3,EAGLE,kitchen,R,1.5446,NR,3.0000
305,8,137,130.5979,-118.5966,WO,4,4,SEAWEED,forest_path,R,2.1239,NR,3.0000
306,8,138,142.6573,-130.6556,WO,4,4,EYE,hill,UR,1.3834,NR,3.0000
307,8,139,154.7165,-142.7155,WI,4,3,RAKE,burial_chamber,R,2.9041,NR,3.0000
308,8,140,166.7754,-154.7745,WO,4,3,SHOVEL,oilrig,R,1.0216,NR,3.0000
309,8,141,178.8337,-166.8307,WI,4,4,PASTE,airplane_cabin,UR,2.3157,NR,4.7901
310,8,142,190.8948,-178.8935,WI,4,4,SARDINE,parlor,R,1.1396,NR,3.0000
311,8,143,202.9537,-190.9530,WO,4,3,SHOWER,crosswalk,R,1.0311,NR,3.0000
312,8,144,215.0119,-203.0099,WO,4,3,PENCIL,bayou,R,1.6276,NR,3.0000
313,8,145,227.0720,-215.0706,WO,4,4,SHOWER,crosswalk,R,0.9646,NR,3.0000
314,8,146,239.1308,-227.1289,WI,4,3,CAMERA,jewelry_shop,R,1.1232,NR,3.0000
315,8,147,251.1903,-239.1893,WI,2,2,NECKLACE,bus_interior,R,1.5267,NR,3.0000
316,8,148,263.2492,-251.2470,WI,2,2,BRACELET,train_station,R,1.4274,NR,3.0000
317,8,149,275.3089,-263.3067,WO,4,4,SQUIRREL,crevasse,R,1.8291,NR,3.0000
318,8,150,287.3697,-275.3684,WO,2,2,JUGGLER,beach,R,0.9553,NR,3.0000
319,8,151,299.4285,-287.4268,WI,4,4,EAGLE,kitchen,R,1.1890,NR,3.0000
320,8,152,311.4876,-299.4852,WI,2,2,TROPHY,lobby,R,1.3103,NR,3.0000
321,8,153,323.5477,-311.5449,WO,2,2,HOSE,excavation,R,0.8435,NR,3.0000
322,8,154,335.6080,-323.6071,WO,2,2,HAWK,picnic_area,R,1.0056,NR,3.0000
323,8,155,347.6672,-335.6663,WI,4,4,RAKE,burial_chamber,R,2.4582,NR,3.0000
324,8,156,359.7260,-347.7230,WO,4,4,BROWNIE,field_wild,R,1.0747,NR,3.0000
325,8,157,371.7869,-359.7860,WI,2,2,RIFLE,drugstore,R,2.0362,NR,3.0000
326,8,158,383.8461,-371.8441,WI,4,3,NEST,bar,R,0.7698,NR,3.0000
327,8,159,395.9058,-383.9049,WO,4,4,SHOVEL,oilrig,R,1.2299,NR,3.0000
328,8,160,407.9649,-395.9634,WI,4,4,CAMERA,jewelry_shop,R,1.5429,NR,3.0000
329,8,161,420.0241,-408.0226,WO,2,2,ACCORDIAN,corral,NR,999.0000,R,3.3434
330,8,162,432.0831,-420.0813,WO,2,2,TOAST,rock_arch,R,1.1287,NR,3.0000
331,8,163,444.1432,-432.1416,WO,4,4,PENCIL,bayou,R,0.7898,NR,3.0000
332,8,164,456.2026,-444.2003,WI,4,4,NEST,bar,R,1.5177,NR,3.0000
333,8,165,468.2633,-456.2623,WO,2,2,GARBAGE,boardwalk,R,1.6975,NR,3.0000
334,8,166,480.3223,-468.3205,WI,4,4,PAN,restaurant,R,0.9902,NR,3.0000
335,8,167,492.3822,-480.3810,WI,2,2,SOOT,kitchenette,R,1.1927,NR,3.0000
336,8,168,504.4411,-492.4391,WO,2,2,LAMP,botanical_garden,UR,1.2911,NR,3.0000
337,9,145,10.0033,1.9981,WO,2,2,THONG,desert,R,2.1279,NR,3.0000
338,9,146,22.0866,-10.0850,WI,2,2,STORK,engine_room,R,1.9821,NR,3.0000
339,9,147,34.1688,-22.1666,WO,4,3,MEDAL,pond,UR,1.5767,NR,3.0000
340,9,148,46.2510,-34.2489,WO,4,3,WITCH,inn,R,1.3532,NR,3.0000
341,9,149,58.3335,-46.3316,WI,2,2,TABLE,computer_room,R,1.1760,NR,3.0000
342,9,150,70.4155,-58.4146,WI,2,2,ICICLE,reception,R,2.5811,NR,3.0000
343,9,151,82.4965,-70.4942,WI,4,3,BANDIT,chicken_coop,R,1.0104,NR,3.0000
344,9,152,94.5793,-82.5781,WO,2,2,STOMACH,cabin,R,1.2470,NR,3.0000
345,9,153,106.6606,-94.6599,WI,4,3,QUILT,cafeteria,UR,1.2257,NR,3.0000
346,9,154,118.7420,-106.7400,WI,4,3,CANDLE,stable,R,0.9276,NR,3.0000
347,9,155,130.8243,-118.8221,WI,4,3,CRAB,biology_laboratory,R,2.5392,NR,3.0000
348,9,156,142.9066,-130.9045,WO,4,3,ROSARY,gazebo,R,1.3758,NR,3.0000
349,9,157,154.9894,-142.9875,WO,4,4,MEDAL,pond,UR,1.0292,NR,3.0000
350,9,158,167.0722,-155.0705,WO,4,4,ROSARY,gazebo,R,0.8809,NR,3.0000
351,9,159,179.1545,-167.1531,WI,2,2,BASKET,theater,R,1.0535,NR,3.0000
352,9,160,191.2360,-179.2342,WO,4,3,BRAIN,boat_deck,UR,1.3064,NR,3.0000
353,9,161,203.3182,-191.3165,WO,4,3,SCORPION,creek,R,0.9582,NR,3.0000
354,9,162,215.4004,-203.3987,WI,2,2,PASSPORT,playroom,NR,999.0000,NR,3.0000
355,9,163,227.4822,-215.4800,WO,2,2,MUFFIN,cottage_garden,UR,1.2479,NR,3.0000
356,9,164,239.5651,-227.5640,WO,4,4,WITCH,inn,R,0.9945,NR,3.0000
357,9,165,251.6463,-239.6444,WI,2,2,MONKEY,restaurant_kitchen,R,1.0988,NR,3.0000
358,9,166,263.7284,-251.7252,WI,4,4,CANDLE,stable,R,1.0700,NR,3.0000
359,9,167,275.8124,-263.8104,WO,2,2,KALE,river,R,1.3371,NR,3.0000
360,9,168,287.8946,-275.8928,WI,4,3,POTATO,hospital_room,R,1.2459,NR,3.0000
361,9,169,299.9772,-287.9758,WO,4,3,PUMPKIN,marsh,R,1.7065,NR,3.0000
362,9,170,312.0589,-300.0569,WO,4,4,BRAIN,boat_deck,UR,0.9415,NR,3.0000
363,9,171,324.1415,-312.1394,WO,4,4,PUMPKIN,marsh,R,0.7952,NR,3.0000
364,9,172,336.2246,-324.2236,WI,4,3,ROSE,game_room,R,1.1935,NR,3.0000
365,9,173,348.3059,-336.3036,WI,2,2,MILK,supermarket,R,2.1490,NR,3.0000
366,9,174,360.3888,-348.3866,WO,4,3,VELVET,amusement_park,R,2.1248,NR,3.0000
367,9,175,372.4713,-360.4701,WI,4,4,QUILT,cafeteria,UR,1.1934,NR,3.0000
368,9,176,384.5529,-372.5510,WI,4,4,BANDIT,chicken_coop,R,1.2018,NR,3.0000
369,9,177,396.6359,-384.6338,WI,4,4,ROSE,game_room,R,1.4479,NR,3.0000
370,9,178,408.7185,-396.7173,WO,2,2,HATCHET,putting_green,R,1.8526,NR,3.0000
371,9,179,420.8006,-408.7989,WI,4,4,CRAB,biology_laboratory,R,0.6808,NR,3.0000
372,9,180,432.8827,-420.8813,WO,2,2,BAYONET,playground,R,0.9263,NR,3.0000
373,9,181,444.9647,-432.9637,WI,4,4,POTATO,hospital_room,R,1.2287,NR,3.0000
374,9,182,457.0464,-445.0442,WO,4,4,VELVET,amusement_park,R,1.0153,NR,3.0000
375,9,183,469.1290,-457.1274,WI,4,3,RICE,amusement_arcade,UR,1.2825,NR,3.0000
376,9,184,481.2122,-469.2107,WI,4,4,RICE,amusement_arcade,UR,1.0056,NR,3.0000
377,9,185,493.2941,-481.2924,WO,4,4,SCORPION,creek,R,1.1282,NR,3.0000
378,9,186,505.3764,-493.3754,WO,2,2,CROWN,palace,R,1.2650,NR,3.0000
379,10,163,10.0029,1.9991,WI,4,3,KNIFE,museum,R,0.9511,NR,3.0000
380,10,164,22.0730,-10.0711,WO,4,3,TYPEWRITER,basilica,UR,1.1021,NR,3.0000
381,10,165,34.1416,-22.1395,WI,2,2,MOON,butchers_shop,R,1.1214,NR,3.0000
382,10,166,46.2097,-34.2082,WO,4,3,PEDAL,raceway,R,0.7245,NR,3.0000
383,10,167,58.2780,-46.2763,WI,2,2,BABY,squash_court,R,0.9619,NR,3.0000
384,10,168,70.3469,-58.3456,WI,4,4,KNIFE,museum,R,0.8790,NR,3.0000
385,10,169,82.4147,-70.4131,WI,4,3,CARROT,art_gallery,R,1.1951,NR,3.0000
386,10,170,94.4828,-82.4808,WO,4,4,TYPEWRITER,basilica,UR,2.1362,NR,3.0000
387,10,171,106.5518,-94.5509,WO,4,3,HAM,amphitheater,R,1.1416,NR,3.0000
388,10,172,118.6191,-106.6181,WI,4,3,ORNAMENT,throne_room,R,2.4265,NR,3.0000
389,10,173,130.6870,-118.6859,WO,4,3,QUILL,kasbah,UR,1.4554,NR,3.0000
390,10,174,142.7545,-130.7530,WO,4,3,DOUGHNUT,lido_deck,R,2.0247,NR,3.0000
391,10,175,154.8251,-142.8239,WO,2,2,GLOBE,patio,UR,1.3585,NR,3.0000
392,10,176,166.8930,-154.8923,WI,4,3,BALLOON,hotel_room,R,1.0269,NR,3.0000
393,10,177,178.9602,-166.9594,WO,2,2,POSTER,cliff,UR,2.1161,NR,3.0000
394,10,178,191.0280,-179.0264,WO,4,4,PEDAL,raceway,R,1.6383,NR,3.0000
395,10,179,203.0961,-191.0945,WI,2,2,FENCE,office,UR,1.8654,NR,3.0000
396,10,180,215.1643,-203.1611,WI,4,4,BALLOON,hotel_room,R,1.1538,NR,3.0000
397,10,181,227.2345,-215.2324,WO,4,3,TOWEL,canyon,R,1.6345,NR,3.0000
398,10,182,239.3031,-227.3014,WI,4,3,WINE,dorm_room,R,1.2488,NR,3.0000
399,10,183,251.3719,-239.3701,WI,4,3,BOWL,locker_room,R,1.5171,NR,3.0000
400,10,184,263.4402,-251.4391,WI,4,3,ANT,escalator,UR,1.3700,NR,3.0000
401,10,185,275.5082,-263.5073,WO,2,2,NOODLE,barn,R,1.4892,NR,3.0000
402,10,186,287.5764,-275.5757,WI,2,2,BANDAGE,beauty_salon,UR,1.8495,NR,3.0000
403,10,187,299.6438,-287.6424,WO,2,2,LION,ruin,UR,1.5518,NR,3.0000
404,10,188,311.7123,-299.7108,WI,4,4,WINE,dorm_room,R,1.6219,NR,3.0000
405,10,189,323.7804,-311.7774,WI,4,4,BOWL,locker_room,R,0.8049,NR,3.0000
406,10,190,335.8509,-323.8497,WO,4,4,HAM,amphitheater,R,0.8482,NR,3.0000
407,10,191,347.9195,-335.9185,WI,4,4,ORNAMENT,throne_room,R,1.0838,NR,3.0000
408,10,192,359.9874,-347.9853,WO,2,2,TRAY,office_building,UR,1.1979,NR,3.0000
409,10,193,372.0566,-360.0545,WO,2,2,COFFEE,nuclear_power_plant,R,0.8447,NR,3.0000
410,10,194,384.1256,-372.1239,WO,4,4,DOUGHNUT,lido_deck,R,0.8823,NR,3.0000
411,10,195,396.1942,-384.1934,WI,4,4,ANT,escalator,UR,0.7839,NR,3.0000
412,10,196,408.2621,-396.2608,WI,2,2,DOLL,childs_room,R,1.1397,NR,3.0000
413,10,197,420.3303,-408.3290,WI,4,4,CARROT,art_gallery,R,0.8012,NR,3.0000
414,10,198,432.3989,-420.3976,WO,4,3,QUAIL,outhouse,UR,0.9398,NR,3.0000
415,10,199,444.4675,-432.4666,WI,2,2,CEREAL,clothing_store,UR,1.3171,NR,3.0000
416,10,200,456.5354,-444.5337,WO,4,4,QUAIL,outhouse,NR,999.0000,NR,3.0000
417,10,201,468.6043,-456.6029,WO,4,4,TOWEL,canyon,R,1.1071,NR,3.0000
418,10,202,480.6726,-468.6705,WO,2,2,SCOTCH,gas_station,UR,1.2808,NR,3.0000
419,10,203,492.7420,-480.7407,WI,2,2,LETTUCE,ice_skating_rink,UR,1.2470,NR,3.0000
420,10,204,504.8107,-492.8090,WO,4,4,QUILL,kasbah,UR,1.2609,NR,3.0000
421,11,181,10.0050,1.9973,WO,4,3,ANCHOR,hayfield,R,0.9721,NR,3.0000
422,11,182,22.0722,-10.0709,WI,4,3,PEARL,florist_shop,UR,1.2147,NR,3.0000
423,11,183,34.1360,-22.1339,WO,2,2,BANANA,orchard,R,1.3236,NR,3.0000
424,11,184,46.2008,-34.1996,WI,2,2,SAIL,dining_room,UR,2.7666,NR,3.0000
425,11,185,58.2645,-46.2631,WI,4,3,SCROLL,volleyball_court,UR,1.5024,NR,3.0000
426,11,186,70.3289,-58.3276,WO,2,2,SPATULA,forest_needleleaf,UR,1.1190,NR,3.0000
427,11,187,82.3926,-70.3916,WI,4,4,SCROLL,volleyball_court,UR,1.1063,NR,3.0000
428,11,188,94.4566,-82.4546,WO,2,2,RACQUET,aqueduct,UR,2.4166,NR,3.0000
429,11,189,106.5211,-94.5198,WO,4,3,DIAMOND,house,R,1.1737,NR,3.0000
430,11,190,118.5848,-106.5832,WO,4,3,RABBIT,lighthouse,UR,2.1501,NR,3.0000
431,11,191,130.6491,-118.6480,WI,4,3,BELL,sauna,R,1.3611,NR,3.0000
432,11,192,142.7127,-130.7110,WI,4,3,SHEEP,pulpit,UR,1.2724,NR,3.0000
433,11,193,154.7774,-142.7766,WO,4,3,WHIP,ocean,R,1.0129,NR,3.0000
434,11,194,166.8411,-154.8390,WI,2,2,CHEESE,auto_factory,R,1.3613,NR,3.0000
435,11,195,178.9060,-166.9053,WO,4,4,DIAMOND,house,R,1.1582,NR,3.0000
436,11,196,190.9698,-178.9685,WO,4,3,SWORD,pagoda,R,0.9837,NR,3.0000
437,11,197,203.0336,-191.0318,WI,2,2,GLOVE,riding_arena,R,1.4067,NR,3.0000
438,11,198,215.0986,-203.0976,WO,4,4,WHIP,ocean,R,1.1337,NR,3.0000
439,11,199,227.1627,-215.1609,WI,4,3,DESK,diner,R,1.2188,NR,3.0000
440,11,200,239.2270,-227.2251,WI,2,2,RING,control_room,UR,1.6226,NR,3.0000
441,11,201,251.2913,-239.2900,WO,2,2,RASH,fire_escape,R,1.5682,NR,3.0000
442,11,202,263.3554,-251.3543,WO,2,2,BLANKET,moat,UR,1.9057,NR,3.0000
443,11,203,275.4210,-263.4190,WI,2,2,PUDDLE,bazaar,UR,1.5418,NR,3.0000
444,11,204,287.4856,-275.4841,WO,4,3,BARREL,hot_tub,R,1.0498,NR,3.0000
445,11,205,299.5496,-287.5487,WO,4,3,BOOT,pasture,R,1.2125,NR,3.0000
446,11,206,311.6136,-299.6122,WI,4,3,CHERRY,home_office,R,0.9403,NR,3.0000
447,11,207,323.6775,-311.6768,WI,4,3,SANDAL,music_store,R,1.2350,NR,3.0000
448,11,208,335.7413,-323.7403,WO,4,4,ANCHOR,hayfield,R,0.9270,NR,3.0000
449,11,209,347.8063,-335.8052,WI,4,4,SHEEP,pulpit,UR,0.9243,NR,3.0000
450,11,210,359.8703,-347.8680,WI,2,2,FOX,basement,UR,1.4434,NR,3.0000
451,11,211,371.9360,-359.9339,WO,2,2,CLOAK,ice_shelf,UR,2.7425,NR,3.0000
452,11,212,384.0005,-371.9993,WI,4,4,BELL,sauna,R,0.8455,NR,3.0000
453,11,213,396.0651,-384.0641,WI,4,4,DESK,diner,R,0.7542,NR,3.0000
454,11,214,408.1287,-396.1267,WI,2,2,STOOL,brewery,R,0.6951,NR,3.0000
455,11,215,420.1933,-408.1911,WO,2,2,PIANO,castle,R,1.6356,NR,3.0000
456,11,216,432.2586,-420.2570,WO,4,4,RABBIT,lighthouse,R,0.8733,NR,3.0000
457,11,217,444.3232,-432.3218,WO,4,4,SWORD,pagoda,R,1.9897,NR,3.0000
458,11,218,456.3879,-444.3870,WI,4,4,SANDAL,music_store,R,0.6199,NR,3.0000
459,11,219,468.4515,-456.4490,WI,4,4,CHERRY,home_office,R,0.9133,NR,3.0000
460,11,220,480.5169,-468.5148,WI,4,4,PEARL,florist_shop,UR,1.0540,NR,3.0000
461,11,221,492.5823,-480.5797,WO,4,4,BOOT,pasture,R,0.7527,NR,3.0000
462,11,222,504.6476,-492.6468,WO,4,4,BARREL,hot_tub,R,0.8403,NR,3.0000
463,12,199,10.0049,1.9963,WO,4,3,SOUP,athletic_field,R,0.8801,NR,3.0000
464,12,200,22.0716,-10.0696,WO,4,3,HIGHWAY,bridge,R,0.9518,NR,3.0000
465,12,201,34.1361,-22.1331,WO,4,4,HIGHWAY,bridge,R,0.6914,NR,3.0000
466,12,202,46.2028,-34.2015,WI,4,3,LANTERN,ball_pit,UR,0.7613,UR,10.2542
467,12,203,58.2675,-46.2665,WI,4,3,HOOK,jacuzzi,R,0.6802,NR,3.0000
468,12,204,70.3318,-58.3304,WO,4,3,SLIPPER,badlands,R,0.8518,NR,3.0000
469,12,205,82.3961,-70.3936,WI,4,3,GEESE,parking_garage,R,0.9264,NR,3.0000
470,12,206,94.4618,-82.4585,WI,4,3,CAMEL,movie_theater,R,0.9984,NR,3.0000
471,12,207,106.5283,-94.5261,WI,4,3,MEDICINE,bistro,R,0.8494,NR,3.0000
472,12,208,118.5934,-106.5917,WO,2,2,CANDY,manufactured_home,R,1.3025,NR,3.0000
473,12,209,130.6587,-118.6570,WI,4,4,GEESE,parking_garage,R,0.6505,NR,3.0000
474,12,210,142.7231,-130.7222,WO,4,3,PANTS,mountain_snowy,R,1.0547,NR,3.0000
475,12,211,154.7872,-142.7856,WI,2,2,TROLLEY,cockpit,UR,1.4510,NR,3.0000
476,12,212,166.8522,-154.8490,WO,4,3,ACROBAT,dock,R,2.1369,NR,3.0000
477,12,213,178.9185,-166.9163,WI,4,4,MEDICINE,bistro,R,0.7658,NR,3.0000
478,12,214,190.9841,-178.9818,WI,2,2,STAPLER,stage,R,2.0971,NR,3.0000
479,12,215,203.0492,-191.0478,WO,2,2,APPLE,garbage_dump,R,1.1169,NR,3.0000
480,12,216,215.1132,-203.1112,WI,4,4,LANTERN,ball_pit,UR,0.9667,NR,3.0000
481,12,217,227.1781,-215.1754,WO,4,4,SOUP,athletic_field,R,0.7719,R,4.3667
482,12,218,239.2441,-227.2415,WO,2,2,PLUG,fountain,R,1.3928,UR,10.4923
483,12,219,251.3098,-239.3087,WI,4,3,SADDLE,nursery,NR,1.2383,NR,3.0000
484,12,220,263.3742,-251.3712,WI,2,2,HARPOON,cloister,R,1.4844,NR,3.0000
485,12,221,275.4403,-263.4385,WO,4,4,ACROBAT,dock,R,1.6823,NR,3.0000
486,12,222,287.5057,-275.5040,WI,4,3,OYSTER,car_interior,UR,0.7894,NR,3.0000
487,12,223,299.5709,-287.5693,WO,2,2,MUSTARD,formal_garden,UR,1.0164,NR,3.0000
488,12,224,311.6362,-299.6353,WO,2,2,VODKA,park,R,1.5510,NR,3.0000
489,12,225,323.7003,-311.6994,WI,4,4,HOOK,jacuzzi,R,0.8888,NR,3.0000
490,12,226,335.7643,-323.7627,WI,4,4,SADDLE,nursery,R,1.5364,NR,3.0000
491,12,227,347.8296,-335.8280,WO,4,4,PANTS,mountain_snowy,R,1.3800,NR,3.0000
492,12,228,359.8944,-347.8935,WO,4,3,ROCKER,herb_garden,R,1.8346,NR,3.0000
493,12,229,371.9591,-359.9559,WI,2,2,CANNON,pantry,R,2.2921,NR,3.0000
494,12,230,384.0254,-372.0245,WO,4,3,SHRIMP,hangar,R,0.9495,NR,3.0000
495,12,231,396.0896,-384.0865,WO,2,2,MOTH,field_cultivated,R,1.0070,NR,3.0000
496,12,232,408.1564,-396.1548,WO,2,2,CUCUMBER,mausoleum,R,1.9181,NR,3.0000
497,12,233,420.2210,-408.2189,WI,2,2,SNAIL,archive,R,1.1473,NR,3.0000
498,12,234,432.2868,-420.2853,WO,4,4,SLIPPER,badlands,R,1.0937,NR,3.0000
499,12,235,444.3515,-432.3506,WI,2,2,WALRUS,     ,R,1.2044,NR,3.0000
500,12,236,456.4156,-444.4149,WI,2,2,SCOOTER,art_studio,NR,999.0000,NR,3.0000
501,12,237,468.4800,-456.4792,WI,4,4,CAMEL,movie_theater,R,0.6759,NR,3.0000
502,12,238,480.5441,-468.5419,WO,4,4,SHRIMP,hangar,R,0.6719,NR,3.0000
503,12,239,492.6101,-480.6073,WI,4,4,OYSTER,car_interior,UR,0.8036,NR,3.0000
504,12,240,504.6761,-492.6748,WO,4,4,ROCKER,herb_garden,R,1.1372,NR,3.0000
